id,bid,user_id,用户昵称,微博正文,话题,立场倾向
5067422706963237,OshYitdsh,5174116327,天府财经网,《婚姻登记条例》近日在民政部网站全文公布并公开向社会征求意见。修订草案相比原条例，在登记程序上作了较大修改。根据草案的规定，结婚登记和离婚登记...,,中立
5067417493184160,OshPTdmlq,2590508280,北京市石景山,据民政部关于《婚姻登记条例》公开征求意见的通知，办理结婚登记的内地居民应当出具下列证件和书面材料：本人的居民身份证；本人无配偶以及与对方当事人没有直系血亲和三代以内旁系血亲关系的签字声明。,结婚登记或不再需要户口簿,中立
5067416160179447,OshNK0KGj,5213420914,别志平Bie,不再需要户口簿，取消地域规定，婚姻登记条例修订草案征求意见8月13日，《婚姻登记条例》在民政部网站全文公布并公开向社会征求意见。修订草案相比原条例，在登记程序上作了较大修改。根据草案的规定，结婚登记和离婚登记都不再需要户口簿，也取消了过去对登记的地域管辖的规定。结合民法典，草案新增了关于30天“离婚冷静期”“婚前隐瞒重大疾病可撤销婚姻”等条例，并对“离婚冷静期”进行了具体的规定。,,"
中立"
5067414633191545,OshLhdogx,5051077448,快兰斯24小时财经直播,实时播报：★★8月13日，《婚姻登记条例》在民政部网站全文公布并公开向社会征求意见。修订草案相比原条例，在登记程序上作了较大修改。根据草案的规定，结婚登记和离婚登记都不再需要户口簿，也取消了过去对登记的地域管辖的规定。结合民法典，草案新增了关于30天“离婚冷静期”“婚前隐瞒重大疾病可撤销婚姻”等条例，并对“离婚冷静期”进行了具体的规定。,,中立
5066991197488204,Os6Kjvq1u,1700087532,三湘都市报,8月13日，三湘都市报记者从民政部官网获悉，《婚姻登记条例》已全文公布，征求社会各界意见。根据草案，，并取消了地域管辖。同时，结合《民法典》，草案新增了关于30天“离婚冷静期”“婚前隐瞒重大疾病可撤销婚姻”等条例。详情：O婚姻登记无需户口簿、取消地域管辖，民政部公布《婚姻登记条例》,"婚姻登记条例修订草案征求意见,结婚登记和离婚登记不再需要户口簿",中立
5066955804902441,Os5PekzlD,1700087532,三湘都市报,8月13日，三湘都市报记者从民政部官网获悉，《婚姻登记条例》已全文公布，征求社会各界意见。根据草案，结婚登记和离婚登记不再需要户口簿，并取消了地域管辖。同时，结合《民法典》，草案新增了关于30天“离婚冷静期”“婚前隐瞒重大疾病可撤销婚姻”等条例。婚姻登记无需户口簿、取消地域管辖，民政部公布《婚姻登记条例》O婚姻登记无需户口簿、取消地域管辖，民政部公布《婚姻登记条例》,婚姻登记条例修订草案征求意见,中立
5079614679946134,Oxp8LFJrw,7584890443,晔晔早点睡,意思是以后我被打成牛肉丸下锅了你们都只需要知道什么这个汤适合什么调味料是吗？,结婚登记不再需要户口簿,"
强烈反对"
5078152250392865,OwN611Ecx,5288352111,勇敢滴牛牛zzll,不知道网上有没有网友和我有过相同的疑问❓既然投了双份的钱，为什么不能享受两份保障？如果不能重复理赔，那为什么允许人重复投保呢？难道保险行业没人监管吗？我想象的各保险公司不应该也是统一汇总在一个系统中？否则针对“骗保嫌疑”客户在申请保险赔付的时候，怎么能查到有多次投保经历呢？说到这里不得不感慨一句，各行各业乌烟瘴气几乎都是同样的现象，投保/办卡/存款……等一系列投入的时候各种应允没问题，赔付/退卡/取钱的时候各种信息询问恨不得刨到祖坟，最后对不起没办法真是不好意思大城市都是这样，不敢想象小城市得是怎样的乱象就像一个网友在话题下面的评价一样，根据我国的国情，如果是好事都要托关系找人才能办理……可想而知，主动的“好事”一般都是销售说辞希望大家都能擦亮眼睛，保护好自己,"保险,医疗理赔,保险行业乱象,结婚登记不再需要户口簿",中立
5077420942035468,Owu4u8xw8,2860658492,徐见贤,今天草案公开向社会征求公众意见截止你怎么看？,结婚登记不再需要户口簿,中立
5076754731109501,OwcJX4EDb,1747829310,财恩麦爱次饼干,我问我妈：你说结婚有什么好处？她吃了两口菜，好像在思考，缓缓地说：结婚能有么好处？无非可以有后代。我：有后代也不跟你姓，我们又不姓董。现在不结婚也可以有后代。你再好好说说结婚有么好处？我妈又吃了一口菜，不紧不慢地说：那有么好处？没得好处。有钱还好说，没得钱还天天操心操得不得了。我：再给你一次机会，你还会结婚吗？我妈：结么婚，一人吃饱全家不饿。,"结婚登记不再需要户口簿,生活手记",中立
5076567787307199,Ow7SquEW3,2720794063,云乡访客,从今以后就不需要户口本了,结婚登记不再需要户口簿,中立
5076472886202081,Ow5pmq1rz,1777316530,河老了雨不小,“太好了，我前夫结婚终于不用问我拿户口簿了。”——8月中旬，《婚姻登记条例》在民政部网站全文公布并公开向社会征求意见。根据草案内容，日后结婚登记和离婚登记都不再需要户口簿，也取消了过去对于登记地域管辖的限定。对于新条例，网友评价褒贬不一。其中一条高赞评论如此写道。,,"
强烈支持"
5076394881847273,Ow3ny7KyJ,6022470709,南沐成辰Levi,大家基本都是反对的！是哪个当guan的提出，并通过的？真黑啊！又有什么时候是根据民意来的了……,结婚登记不再需要户口簿,"
强烈反对"
5076260307338868,OvZSuuNaQ,7684163450,高竹过于木,科技是进步的，文明是倒退的这b世界,"青岛代孕实验室,暗访地下代孕市场,结婚登记不再需要户口簿,离婚冷静期",中立
5076040437728564,OvU9Rwqyg,2118841211,蕪園小樓主,拔牙打个麻醉药，一针扎进去，眼泪就流出来了，医生姐姐一直在安慰我:快好了快好了，但是眼泪就没有停过，这刻:我清楚自己什么德行。真的吃不了一点，上班和结婚只能吃一样苦,结婚登记不再需要户口簿,中立
5075996525203712,OvT12lPIQ,7570014223,木木命礼,在关系里处在低位一方的任何主动索取行为都会损害关系，因此在关系里不敢向对方索取，其本质是因为心里清楚对方不爱自己，不想因为提要求而引发争吵破坏关系，即使索取了也得不到自己想要的反而自取其辱。,结婚登记不再需要户口簿,中立
5075773190834259,OvNcP3v1N,6587203703,小透明wen,果不其然，热度又被压下去了,结婚登记不再需要户口簿,中立
5080340093472505,OxI0Nezm9,2370271321,平安达川,决定恋爱和结婚前查询相关事项，收藏起来，以备不时之需！戳图转存via职场管理学@北京政法@济南市文化和旅游局@四川监狱转给更多人一起涨知识据新浪财经～，无论怎样，这些很有必要普及一下，避免自己合法权益受损法姐讲法超话,"结婚登记不再需要户口簿,婚姻",中立
5068505667866132,OsK90x0l6,7388720473,小岛贝多芬,“愿所有女性都成为飞鸟”我已经不知道说什么了，说的是征求我们的意见，我们的意见你们听了吗，完完全全没有站在女性的角度考虑问题，真的以为结婚率低是因为办结婚证的过程复杂吗？地上有黄金谁不知道捡？能公布出来也是无敌了，这个社会所谓的人人平等从来就没有对等过，现在拿结婚证的门槛比我学校请假条还容易拿到是吗最后我们说：“我们要自由”,结婚登记不再需要户口簿,强烈反对
5068505206492490,OsK8greZA,5457148419,小宇还小,朋友圈刷到的。确实是写的不错,结婚登记不再需要户口簿,中立
5068147348738263,OsAP4AFdJ,2758255957,kethy丶,这两个zc合在一起是为了统计数据时好看一点嘛？,"结婚登记不再需要户口簿,30天离婚冷静期,我国结婚率创近10年新低",中立
5068147348473139,OsAP4zyfx,1800738795,洛洛-Lok,毕竟我们是经历过限制生育自由的一代人，还见证了离婚冷静期这种裹小脑的操作，照这个出生率下去，以后也许会看到限制D胎自由的一天。,"结婚登记不再需要户口簿,离婚冷静期",中立
5068147243093392,OsAOUcYJq,1994808387,Nini酱呐_,我的胯下不能生出歧视我的性别我的血肉不能变成刺向我的尖刀如果我胯下诞生的世界压迫我那我就不让这个世界诞生韩国梨花大学的标语是:你不用在意我的外表因为我不是你的妻子而是你未来的上司,"结婚登记不再需要户口簿,离婚冷静期,妇女权益保障法迎来大修",中立
5068147234969776,OsAOTkQRG,7650894156,Limerence_想吃鱼粮,老子他爹的下辈子一定要长根屌,结婚登记不再需要户口簿,中立
5068147121981598,OsAOI8jvg,5253882129,不是Rue子,如果生孩子是社会的责任，请社会履行抚养义务。如果生孩子是个人的责任，请社会尊重个人的选择。句句不谈薪资，条条不离奉献，桩桩不谈好事，事事皆讲境界。说句自私的，如果个体的困顿和集体无关，那么集体的荣辱又和个体有什么关系呢？人口增长徒增教育与就业压力保险交给了吃了一辈子社会红利的退休的人婚姻该是花环不是枷锁反倒相爱的人无法相伴不相爱的人互相折磨倒底是什么侵蚀了制定政策的人的脑子建议考公修改考纲,"结婚登记不再需要户口簿,婚姻登记取消户口簿彰显婚姻自由",中立
5068146746598395,OsAO6rGxJ,7670169881,时雨77-77,提出者根本没有考虑中国妇女的权益结婚这么容易想离婚却那么困难至广大妇女为何地而且为什么不从提高男方素质开始着手这样没有从根本上解决问题只会适得其反这是我们绝不接受的！！！,"婚姻登记处回应网友担忧被重婚,结婚登记不再需要户口簿",强烈反对
5067405379767248,OshwlEYUg,6152571423,黑斌MAX,婚姻登记条例拟修改：不再需要户口簿8月13日，《婚姻登记条例》公开向社会征求意见。根据草案的规定，结婚登记和离婚登记都不再需要户口簿。,,中立
5067256966938850,OsdEYt76W,6064535943,云南昆明老杜,《婚姻登记无需户口簿、取消地域管辖，民政部公布《婚姻登记条例》》根据草案，结婚登记和离婚登记不再需要户口簿，并取消了地域管辖。,,"
中立"
5068503505703696,OsK5wnVN6,1651675951,寒枝鹊_,如果社会稳定压力大，人民生活压力大，请找罪魁祸首解决。这是社会财富分配不公平的问题，不要找底层女人给你泄压。男权社会永远把女人当生育资源，性资源，并让她们成为发泄暴力的沙袋和稳定社会平稳的压舱石。却唯独不当人。但请记住，女人和男人一样，都是人科人属人种的人。即使是一颗金刚石，在重压之下也会碎裂。何况是活生生的人。大人，时代变了。这次别再找女人，去找那些已经不是人的资本家吧。这次，我们女人不配合。,结婚登记不再需要户口簿,中立
5068503456943184,OsK5rt8eQ,5982772415,叶籽一悦,演唱会门口检票都比这严有病似的,结婚登记不再需要户口簿,中立
5068503194011720,OsK51gPDa,6512609750,混吃等死小慕子,自由婚姻的前提是离婚自由,结婚登记不再需要户口簿,中立
5068500062440949,OsJZYaf09,5850672907,巍巍一笑倾人城,好好好，这条规定挺为人贩子家暴男着想啊，受害者想离婚冷静期对面一撤回，哎，我让你这辈子都离不了婚，我就问你们咋想的？啊？脑子怕不是被驴踢了吧想提高结婚率啊？你就不怕适得其反我们这辈子都不结婚那不就再也不用烦后面的事了永绝后患多好,结婚登记不再需要户口簿,强烈反对
5068497405087796,OsJVGllze,7283342846,许不言ing,不要温和地走入那个良夜，不要温顺地接受灭亡。,结婚登记不再需要户口簿,中立
5068146483927678,OsANGgtLE,3844513333,维他柠檬冰tea,突然开始打折的能是什么好货？去年还鼓励大家买房呢哈哈哈越鼓励越不跟着做就对了,结婚登记不再需要户口簿,中立
5068146291774123,OsANn7rwT,2852997951,何染HR,如果一个人疯狂逼我做决定，说这是为了什么什么好，我一定会问：这么着急，你是不是遇到什么事儿了？如果这人不是骗子，还以跟你同战队的身份说话。那我就知道，他爸了个签的，一定有烂摊子收拾不了，往我这扔。明摆的么！到底急什么？嗯？,结婚登记不再需要户口簿,中立
5068146249312284,OsANiD4y8,3222563200,沭阳检察,，取消地域规定，婚姻登记条例修订草案征求意见引发网友关注，婚姻相关法律知识了解一下。婚姻关系存续期间，哪些财产属于夫妻共同财产？跟@法治成都一起来了解！↓↓↓,结婚登记不再需要户口簿,中立
5068146191108386,OsANd4Elc,6490017635,刘宇大的小迷妹,请问你们没有母亲吗？没有妹妹吗？没有姐姐吗？以后一定生儿子不生女儿是吗？这样对待女性谁还敢结婚？,"结婚登记不再需要户口簿,民政局","
强烈反对"
5068495971422442,OsJTn5Y2C,6071549323,oooicecream,老钟真吓人下次直接颁布不需要双方在场即可结婚得了,结婚登记不再需要户口簿,反对
5068494867010486,OsJRAtpKm,6567262189,宝贝爱吃生菜na,简化结婚程序，不让离婚，放开三胎政策，就得给你生孩子当韭菜割是吧，cnm的,结婚登记不再需要户口簿,强烈反对
5068145942866540,OsAMOc1Iw,7671246159,你家嘛_,放心好了国家，以后的孩子肯定会越来越少哒，等着那些精神小伙和精神小妹来提升生育率吧,结婚登记不再需要户口簿,中立
5068145486726586,OsAM4sdTk,5974310566,黎梨礼栗,国家规定宪法是第一大法，一切法律依照宪法实施，不得违反宪法，宪法规定公民拥有结婚自由，离婚自由，现在的新草案剥夺了离婚自由权，这难道不是违反宪法规定吗？,结婚登记不再需要户口簿,反对
5067784948550973,OsroyzSuV,6610216955,蹭饭很简单,坚决不同意！这将引出的问题明明那么明显不该不知道，为了生育率就要一而再再而三地伤害女性…,结婚登记不再需要户口簿,"
强烈反对"
5067784939376544,OsroxDlgA,7767083603,俄狄浦斯卷毛狗,那离婚登记能扣1发放离婚证不,结婚登记不再需要户口簿,中立
5068145059172938,OsALnCuiC,7556081488,下下富士山,太牛逼了，到时候身份证丢了，第二天补办发现自己已经结婚了。,结婚登记不再需要户口簿,中立
5067588868770282,OsmiiANya,5678040827,在长白山头,这是什么东西提出来的？哦，原来不是东西,结婚登记不再需要户口簿,中立
5067588859859418,OsmihFmSS,5129273394,徐常水吖,没结婚也不是因为这个啊,结婚登记不再需要户口簿,中立
5067588856451181,Osmihr4fj,5697887895,花落千古,该把关的事情还是得把关的，毕竟结婚是人生大事。,结婚登记不再需要户口簿,"
反对"
5067588839674038,OsmifEAES,3975104839,切-我的人生态度,我爸急的连忙把我反锁在家,结婚登记不再需要户口簿,中立
5067784530953688,OsrnT4064,5821321795,摘樱桃炸油条,我怎么看？我横看竖看都看不见提出这个草案那人的脑子，大概是从娘胎出来就没有吧,结婚登记不再需要户口簿,强烈反对
5067784460963108,OsrnM42y0,7741226891,冬蝉序眠_,如果我长跟雕是不是事事都能为我考虑啊🙄💅💅不支持不尊重哈,结婚登记不再需要户口簿,中立
5067784457030033,OsrnLtuPD,7891762261,心动猫猫日记,@TF家族-张函瑞孩子在哪扔，我去捡,结婚登记不再需要户口簿,中立
5067784431602402,OsrnJ6IRc,7722951718,一类保护1107,不知为何，有种管杀不管埋的感觉,结婚登记不再需要户口簿,中立
5067784423476849,OsrnIeAud,7838464472,樱桃冰甜酒,到时候也别身份证了，直接QQ情侣空间绑定算了,结婚登记不再需要户口簿,中立
5068144505263646,OsAKum5jw,6458697454,闵嘻嘻嘻嘻嘻,这是哪个脑残提出来的啊？不想结婚，然后不要户口簿？？？不想生孩子，然后放开三胎政策？？？,结婚登记不再需要户口簿,强烈反对
5068144316518501,OsAKbrlL7,7657054430,en佐zo,别的证都要考这个为什么不考凭啥,结婚登记不再需要户口簿,中立
5068143957379516,OsAJBuXKs,7477674672,散菊子,"最近曝出这么多艺人塌房,出事,不会是在压热搜吧","结婚登记不再需要户口簿,离婚冷静期,拒绝离婚冷静期",中立
5068143787252582,OsAJkuqJ8,5147899171,覔321,什么时候领工资不需用工作啊,结婚登记不再需要户口簿,中立
5068143731151247,OsAJf4Puv,6626662295,克里斯马弹,让我看看这个世界对女性的压迫会不会伴随到宇宙的最终呢,"结婚登记不再需要户口簿,结婚",中立
5068143724598092,OsAJejiaM,5235039693,Astral阿垚,不想办法保障婚姻中弱势方的权益，不改变女性在就业市场的不利地位，不加强措施惩治出轨方和家暴方，反而试图通过降低领证难度提高结婚率和生育率，太可笑了取消离婚冷静期，家暴入刑法才是保护女性权益的做法，女性有自己选择的权利，结婚或者不结婚，生育或者不生育，女性意识觉醒的过程是痛苦的，但会有人一直在路上,结婚登记不再需要户口簿,强烈反对
5067588826038898,OsmiepkZA,1278134563,小花牛营养师,辽宁省博物馆「英国维多利亚时代的艺术展」结婚更简单，离婚更复杂了,"微博影像年,花牛旅行记,结婚登记不再需要户口簿",中立
5067588820271650,Osmie18Fs,7488881174,七七的memo呀,哈哈哈哈哈哈哈哈，好搞笑，不结,结婚登记不再需要户口簿,中立
5067588820273487,Osmie1995,6609262970,穹顶之上话玄学,这是为提高结婚率上猛药了，你们说这政策出台能否止跌？,结婚登记不再需要户口簿,中立
5067588809526189,OsmicDYcd,7607377176,嘟嘟嘟嘟嘟soso,万一人家捡我身份证帮我结个婚咋整,结婚登记不再需要户口簿,中立
5067784143241509,OsrngdBgp,6972366895,貓柰_,是在给人贩子机会吗…….,结婚登记不再需要户口簿,中立
5067784132493782,OsrnfasKi,7772703989,是一只狐狸小浣熊,这么宽进严出，这是跳入结婚的火坑呢还是去缅北呢,结婚登记不再需要户口簿,中立
5067784128303607,OsrneyQ99,5060444760,Seven的七七,比离婚冷静期更离谱的出现了不需要户口簿看似更自由，但是婚姻不止是登记那一刻。网上诸多分析的点，真的希望可以被看到。离婚冷静期中家暴等问题难道不该被重视？,"结婚登记不再需要户口簿,离婚冷静期期细化",反对
5067784075872631,Osrn9oDJR,7538581007,悲傷燉豬腳,你吗了个弊的，结婚比绑个扣扣情侣空间还容易，哪个春竹想出来的东西？,结婚登记不再需要户口簿,强烈反对
5067784021871551,Osrn47QSj,7353349279,炸蛋虾仁牛肉丸哇哦,像一个笑话，一个服从性测试一样的东西，不断试探女性的底线,结婚登记不再需要户口簿,"
强烈反对"
5067783834700109,OsrmLjIId,7266821832,Qw1kooo_u,清醒老C《婚姻常识》K婚姻常识,结婚登记不再需要户口簿,中立
5068143610830254,OsAJ33tZc,7607753660,带束花再见面嘛,到底是哪个没带🧠的提出的啊！！！,结婚登记不再需要户口簿,强烈反对
5068143334000742,OsAIBgMM6,7443185289,-椰柚冻柠茶ovo,我的评价是p1p3p2,"结婚登记不再需要户口簿,离婚冷静期内任何一方可申请撤回",中立
5068143166493687,OsAIkrfiT,6879725268,红果果滚滚,大家重点不要记得是冷静期，如果在婚姻里受到家暴的女性或者是男性想要提出离婚，但是其中一方不同意的话就离不了，结婚自由的代价是牺牲离婚自由。,"结婚登记不再需要户口簿,离婚冷静期",中立
5068142999247915,OsAI3CNNV,3210309593,热天午后i,户口簿确实没什么用，还不如体检报告、征信报告、无犯罪记录证明、个人所得税记录、学信网芝麻分呢。,结婚登记不再需要户口簿,支持
5067588799302563,OsmibD21l,7519670916,叻叻猪嚟喇_,顺便全国联网、结婚冷静期也加上,结婚登记不再需要户口簿,"
中立"
5067588799563451,OsmibE7Td,7772921863,年祈岁安,把离婚冷静期改了比什么都强,结婚登记不再需要户口簿,中立
5067588771774988,Osmi97rKQ,5489925653,Blasted_Heath,为了提高结婚率都拼尽全力了,结婚登记不再需要户口簿,中立
5067588772824130,Osmi9bQGu,6422366815,洲啊粥洲,该说不说，还是建议不要结婚,结婚登记不再需要户口簿,中立
5067588772299190,Osmi99E7I,1482095972,夏荷叶田田,虽然结婚更容易了，但离婚难，所以结婚需慎重,结婚登记不再需要户口簿,中立
5067588756052049,Osmi7popH,1734530730,大河报,8月13日，《婚姻登记条例》在民政部网站全文公布并公开向社会征求意见。修订草案相比原条例，在登记程序上作了较大修改。根据草案的规定，结婚登记和离婚登记都不再需要户口簿，也取消了过去对登记的地域管辖的规定。结合民法典，草案新增了关于30天“离婚冷静期”“婚前隐瞒重大疾病可撤销婚姻”等条例，并对进行了具体的规定。O婚姻登记不需要户口簿，取消地域限制！民政部公开征求意见,"结婚登记不再需要户口簿,离婚冷静期,离婚冷静期写入婚姻登记条例","
中立"
5067783815564303,OsrmJnlwP,7707776388,抽屉里的信-,婚姻是两个人基于爱情或其他因素共同走进的契约关系，通常伴随着法律、社会和文化上的约束和义务。在婚姻中，两个人共同生活、互相扶持，共同面对生活中的喜怒哀乐。婚姻关系需要双方共同经营和维护，通过沟通、理解和包容，建立起深厚的感情基础。同时，婚姻也需要遵守道德和法律规范，尊重彼此的权利和尊严，维护家庭的和谐稳定。,结婚登记不再需要户口簿,中立
5067783513571921,OsrmfeZdD,6208036602,阿凉住在听觉隔壁,那个征集意见的窗口现在无法提交是为什么啊，这个有时间限制嘛,结婚登记不再需要户口簿,中立
5068142605506082,OsAHqn6nM,7488529018,Lala我不知道取啥名,干脆有微信的自动结婚算了🤓☝️,结婚登记不再需要户口簿,"
强烈反对"
5068142082786862,OsAGAbGZo,5203618925,冬月梅子_,到底是什么原因现在的生育率降低结婚率降低国家你们真的不清楚吗！？房贷车贷医疗学费哪一样是普普通通的普通人能够轻易承担的？,结婚登记不再需要户口簿,"
强烈反对"
5067588750806173,Osmi73nIN,2651778754,婷婷ting0713,结婚的门槛真是越来越低了,结婚登记不再需要户口簿,中立
5067588725379033,Osmi4mzkB,6878189976,优优的生活555,国家催婚催育别太过分，到底是哪个干部提出的这个想法？有真正为人民想过吗，本来现在赚钱离婚难所以结婚的就少，神经，不会办事就早点退休,结婚登记不再需要户口簿,"
强烈反对"
5067588716988895,Osmi3tk87,7906653412,淮眠巷冬,啊为什么呀不过结婚本就是两情相悦的户口簿只是父母同意的形式吧所以为什么要这样呢。我表示属实是有点看不懂了。emmm反正只要你们幸福就好了吧……,"结婚登记不再需要户口簿,离婚冷静期",中立
5067783435980725,Osrm7p5Rj,6331350360,我为劳动人民狂,忘加tag了这么搞别装了啊还搞什么征求意见直接年龄到了强制结婚呗,结婚登记不再需要户口簿,"
强烈反对"
5067783243042862,OsrlOcLAq,3579689372,-riverofunhappiness,感觉是为了某个性别群体专门设立的条例,结婚登记不再需要户口簿,中立
5067783237012483,OsrlNtqgz,1038269111,弱水三千唯取乔,为了不让大家结婚你们真是想破了头疯狂暗示,结婚登记不再需要户口簿,中立
5067783156533045,OsrlFrpxH,5995191939,西红柿去皮i,现在的法律是不是要效仿之前的🇰🇷！会不会在未来的某一天通过堕胎罪提案！,"婚姻登记取消户口簿彰显婚姻自由,结婚登记不再需要户口簿",中立
5067783046169595,OsrlupSZB,3785763835,千金埋gu,我反对结婚登记不需要户口簿，反对离婚冷静期间任意一方可以撤销离婚申请，并且表示坚决抵制！附申取消离婚冷静期！关于此次问题，无疑为贩卖人口制造更大更便利的缺口和可乘之机，让社会不良人士诱骗十几岁的学生结婚，祸害祖国根基，增加初出茅庐、涉世未深的天真少女堕入泥潭的风险，这让万千含辛茹苦抚育女儿的父母情何以堪？这让饱受家庭暴力的女性何去何从？我提议严惩家庭暴力分子，抵制出轨行为，保护原配及原生子女利益为出发点，为婚内人士提供人身保障，这才是提升结婚率的重要举措！,结婚登记不再需要户口簿,强烈反对
5068141258604545,OsAFfA6qZ,6110754546,香菜吞噬兽,这个话题下的讨论真的让我怀疑我们国家的年轻人到底有没有思考能力，舆论一边倒的扯到了家庭暴力、男女对立，女性在婚姻中的弱势地位等…我想问是不是脑子有病啊，我非常赞同结婚登记取消户口簿，到了法定结婚年龄还是巨婴吗？要父母点头才行，男的可以巨婴，女的自己想想吧，本来在这个仍然以父权为本质的社会体系中，想要自立自强就难，现在给你扯掉这层框架不好吗？不光是结婚登记，我甚至认为应该取消户籍制度，全球只有那么屈指可数的几个国家还保留户籍制度，中国，朝鲜……还有谁，落后的东西迟早得淘汰，人生下来得先是一个人，再是其他,结婚登记不再需要户口簿,强烈支持
5068140880599816,OsAEE2w2s,7774797235,抱紧天上星x,如果复印件都可以那直接变成几十年前的社会，和外国农村抢姑娘习俗有什么区别？,结婚登记不再需要户口簿,反对
5068140706793010,OsAEmsvaG,3836638800,--胖虎KEY-,女性还能在地球上生存下去吗我请问呢？？？,"结婚登记不再需要户口簿,伊拉克女性法定结婚年龄或降至9岁",中立
5068140637066057,OsAEftEcF,7848630956,超级无敌霹雳宇宙级帅哥,结婚像淘宝跳转一样简单，离婚像拼夕夕助力一样困难我反对,结婚登记不再需要户口簿,反对
5068140382258441,OsADQ9twt,2795299873,悦哥不吃桃_,结婚那么神圣的事为什么比我办一张银行卡还要容易,结婚登记不再需要户口簿,反对
5068140115398837,OsADpmEu1,1630215621,江护川-柯北,越容易拿到的证件要付出的代价越大，含金量大的证件都难拿得很，反正还是有大把人去结婚,结婚登记不再需要户口簿,中立
5067588711222298,Osmi357Yu,7000780343,在青青草原狂奔的小马扎子,好可怕，真是啥人都能结婚了，我考证都要学籍证明还要审核抢名额，这无门槛的证不要也罢,结婚登记不再需要户口簿,反对
5067588697328405,Osmi1uKs5,7146794761,热爱两个人,。特么但凡离婚程序有这么简单就好了,结婚登记不再需要户口簿,中立
5067588692869186,Osmi1c2pc,7813513219,暖冬聆雾语,怎么不设结婚冷静期你这么做只能是让已经结婚的在压力下降低所谓的“离婚率”年轻人只会更不愿意结婚。不想着完善基础设施，净想些“歪门邪道”,"结婚登记不再需要户口簿,离婚冷静期",反对
5067588681860095,Osmi07NTx,5039891212,苏州魅力婚纱礼服,结婚离婚都应该一样方便,结婚登记不再需要户口簿,"
支持"
5067588665350415,OsmhYmrT1,7816994070,0704_土豆丝卷饼,阅阅阅阅阅阅阅阅阅阅阅阅阅阅阅阅阅阅阅阅阅阅阅阅阅阅阅阅阅阅阅阅阅阅阅阅阅阅阅阅阅阅阅阅阅阅阅阅阅阅阅阅阅阅阅阅阅阅阅阅阅阅阅阅阅阅阅阅阅阅阅阅阅阅阅阅阅阅阅阅阅阅阅阅阅阅阅阅阅阅阅阅阅阅阅阅阅阅阅阅阅阅阅阅阅阅阅阅阅阅阅阅阅阅阅阅阅阅阅阅阅阅阅阅阅阅阅阅阅阅阅阅阅阅阅阅阅阅阅阅阅阅阅阅阅阅阅阅阅阅阅阅阅阅阅阅阅阅阅阅阅阅阅阅阅阅阅阅阅阅阅阅阅阅阅阅阅阅阅阅,结婚登记不再需要户口簿,中立
5067783022315397,Osrls9Il7,7838464472,樱桃冰甜酒,提出这个建议的人不是蠢透了就是坏透了，有病吧你们？！说的是中文吗，这真的是上层领导做出来的决议吗？真的不是有什么专家混进去了吗？,结婚登记不再需要户口簿,强烈反对
5067783012619088,OsrlraZlm,7565351766,聿珩18,世界真是一个巨大的爱丁堡，以后离婚和丧偶有什么区别？,"结婚登记不再需要户口簿,拒绝离婚冷静期",中立
5068140048295777,OsADiyO6R,7419707509,L静one,到底是谁提出的这个，有没有考虑过女方的权益，这样做会使许多女生受骗，甚至任意一方家暴，出轨都会对另一方造成不利的影响，这个法律到底是在维护谁的利益，人贩子么？婚姻不只是爱情，更有责任与担当，倡导婚姻自由也不能这么自由吧，自由是有限度的，我认为之前的政策一直都挺好的，民政局官网征求意见填女生名字总是正在加载或提交不上，一换成男生名字就立马提交的上，咋？想让我用身边所有男生的名字都提交一遍反对这个法律？也多看看网上的舆论吧求求了，不只是微博，还有抖音，小红书等等，上网搜搜有多少同意这个条例，建议取消！！,结婚登记不再需要户口簿,强烈反对
5068139877893433,OsAD1x7rr,7867179433,曲琦奶茶店-明年将解散版,结婚不需要户口簿那我取钱可以不要银行卡吗,结婚登记不再需要户口簿,中立
5068139436184885,OsACjpWYd,6618667437,醉晴_,结婚率低那你干脆把法定结婚年龄降低点呗，改成16岁得了，教育也别发展了，免得女性有了自我意识觉醒了还要反抗,结婚登记不再需要户口簿,"
强烈反对"
5068139433298387,OsACjdQ3N,5874804784,他说他不爱吃螺蛳粉,火一下就上来了，无语是我的母语，宽进严出有什么好东西,"离婚冷静期真的能降低离婚率吗,结婚登记不再需要户口簿","
强烈反对"
5068139184527882,OsABUiZUm,7753252204,被化学拒绝的10086次,不结婚是因为什么啊？？他们真的不知道吗,结婚登记不再需要户口簿,中立
5067588663773660,OsmhYfPHu,5395678996,许文臣,就是不需要父母同意了呗，私奔成为现实？？,"结婚登记不再需要户口簿,30至44岁未婚女性比例大幅提高,离婚冷静期,长期人口性别比失衡婚姻效果开始显现",中立
5067588655388017,OsmhXmBFv,5834426551,一只白猫_S,不是为啥都说为了生育不择手段？结婚就要生孩子？谁规定结婚就一定要生孩子什么歪风邪理？有能力有信心养好孩子的你再生别生了不管就管自己爽就行了大大的无语🤦‍♀️了,结婚登记不再需要户口簿,"
支持"
5067588644114890,OsmhWhgtc,7791585071,油酥饼难吃,越来越离谱了，到底在保证些什么,结婚登记不再需要户口簿,"
强烈反对"
5067588637298938,OsmhVuCMO,7550631718,聪明小田,会不会你家孩子领证了，你都不知道呢,结婚登记不再需要户口簿,中立
5067588634153073,OsmhVhqp3,6886000571,耳朵崽子-,随时可以结婚，还结什么，和谈恋爱没区别了,结婚登记不再需要户口簿,"
反对"
5067588623404536,OsmhUehFS,6176801801,师姐小记,为提高结婚率真的煞费苦心啊,结婚登记不再需要户口簿,中立
5067782544692693,OsrkGjGMB,7781400174,胡狸呀,以后再也不敢说自己单身了，说不定我已经结婚了呢，只是我不知道罢了,结婚登记不再需要户口簿,中立
5067782545473560,OsrkGmXVe,5977172991,公子拂熙,很棒，以后身份证可不能丢了，保护好自己的证件,结婚登记不再需要户口簿,"
强烈支持"
5067782435902170,OsrkvoLqi,6416754959,花是不能吃的,是不是马上只要两个人去月老庙门口拜一拜就是夫妻了,结婚登记不再需要户口簿,"
反对"
5067782335496993,Osrkln41b,2780415104,养花的女孩,真是绝了，三个浏览器，半个小时了，没一个提交成功的，不是收集意见吗？我的意见为什么提交不了，你在干什么，民政部！！！,结婚登记不再需要户口簿,"
强烈反对"
5068138959872650,OsABxFqki,5885489714,今天和我说晚安吧,给人一种以后要通过收单身税来提高结婚率的感觉,结婚登记不再需要户口簿,中立
5068138737049336,OsABbtzQY,6618667437,醉晴_,结婚率高了你就爽了，我看等到死亡率高了你还笑得出来吗,结婚登记不再需要户口簿,中立
5068138591289547,OsAAX5pt9,3835783615,小狗留下眼泪_发疯版,没事哒没事哒先把身份证吞肚子里，到要结婚的时候再拉出来吧给这个b世界脸了,结婚登记不再需要户口簿,中立
5068138551186718,OsAAT4YIC,6618667437,醉晴_,合着婚姻真成囚牢了呗，我请问呢，女性是犯罪了吗？,结婚登记不再需要户口簿,"
强烈反对"
5068138341466936,OsAAy69Cg,6618667437,醉晴_,爸了个跟的，爸了个跟的，爸了个跟的，爸了个跟的，爸了个跟的，爸了个跟的，爸了个跟的，爸了个跟的，爸了个跟的，爸了个跟的，爸了个跟的，爸了个跟的，爸了个跟的，爸了个跟的，爸了个跟的，爸了个跟的，爸了个跟的，爸了个跟的，爸了个跟的，爸了个跟的，爸了个跟的，爸了个跟的，爸了个跟的，爸了个跟的，爸了个跟的，爸了个跟的爸了个跟的，爸了个跟的，爸了个跟的，爸了个跟的，爸了个跟的，爸了个跟的，爸了个跟的，爸了个跟的，爸了个跟的，爸了个跟的，爸了个跟的，爸了个跟的，爸了个跟的爸了个跟的，爸了个跟的，爸了个跟的，爸了个跟的，爸了个跟的，爸了个跟的，爸了个跟的，爸了个跟的，爸了个跟的，爸了个跟的，爸了个跟的，爸了个跟的，爸了个跟的爸了个跟的，爸了个跟的，爸了个跟的，爸了个跟的，爸了个跟的，爸了个跟的，爸了个跟的，爸了个跟的，爸了个跟的，爸了个跟的，爸了个跟的，爸了个跟的，爸了个跟的爸了个跟的，爸了个跟的，爸了个跟的，爸了个跟的，爸了个跟的，爸了个跟的，爸了个跟的，爸了个跟的，爸了个跟的，爸了个跟的，爸了个跟的，爸了个跟的，爸了个跟的,结婚登记不再需要户口簿,中立
5067588617638660,OsmhTw3ac,1263692934,第一球迷胖哥,胖哥论坛超话8月13日，《婚姻登记条例》在民政部网站全文公布并公开向社会征求意见。修订草案相比原条例，在登记程序上作了较大修改。根据草案的规定，结婚登记和离婚登记都不再需要户口簿，也取消了过去对登记的地域管辖的规定。结合民法典，草案新增了关于30天“离婚冷静期”“婚前隐瞒重大疾病可撤销婚姻”等条例，并对“离婚冷静期”进行了具体的规定。全文↓↓O不再需要户口簿，取消地域规定，婚姻登记条例修订草案征求意见,"重大疾病不告知可以撤销婚姻,结婚登记取消地域限制,结婚和离婚都不再需要户口簿,结婚登记不再需要户口簿",中立
5067588616852695,OsmhTsKHl,7529937157,頭號玩家池子,我觉得这个世界是真的癫了。的建议是离婚冷静期去掉增加结婚冷静期,结婚登记不再需要户口簿,"
强烈反对"
5067588612130258,OsmhT8Wb0,5051439604,筠连公安,对于婚姻财产，你了解吗？夫妻共同财产一般包括哪些？婚前个人财产婚后产生的收益归谁所有？婚后父母出资所购房屋该判给谁？…9图划重点↓↓不知道的，转发了解！,"婚姻财产那些事儿,结婚登记不再需要户口簿",中立
5067781807017139,OsrjutrtF,5263591686,_好运一定会降临_,婚姻不过是剥削女性的幌子,结婚登记不再需要户口簿,"
强烈反对"
5068138271735887,OsAAr7hAb,7125543420,-冬栀椿轩讼-,提出者不得好死既然这样是不是把自己喜欢的人开个户就可以结婚了曹尼玛,结婚登记不再需要户口簿,强烈反对
5068138179990769,OsAAhFV3r,5251974559,IIIlimboo,宽进严出就是诈骗！9块钱就能得到的两本证能是什么好证！离婚冷静期的作用不过是先让女性看到逃离婚姻不幸的希望然后失望直至绝望。婚姻的作用对于女性的作用是什么？你们希望女性能在职场努力工作同时能兼顾照顾好家庭！只要结婚，家里大多数的家务劳动养育孩子赡养老人的工作就默认都应该是这个女性承担，她在你们看来只是一个免费保姆。什么年代了，你们各个部门专家还想着靠这种行为提高结婚率，降低离婚率。那你们可以死心了！只要女性的权益保障权利待遇得不到公平对待，我相信未来不婚的女性会越来越多。因为新的时代她们比谁都清醒。,结婚登记不再需要户口簿,"
强烈反对"
5068137663829325,OsAzsg4bj,3959517237,因为远别所以回望,所以离昏冷静期某种程度上是不是wei宪了,结婚登记不再需要户口簿,中立
5067588560487404,OsmhO22Nm,7752651804,蔡敏敏不菜啊,尊嘟假嘟那我跟虞书欣结……,结婚登记不再需要户口簿,中立
5067588536631663,OsmhLrPcj,7492780044,今夜人类语言匮乏贫瘠,啊这是人提出来的法案吗,结婚登记不再需要户口簿,中立
5067588520117741,OsmhK0uD3,6607153649,Ee什么鬼,嗯嗯嗯，下次就进化到不需要本人到场了,结婚登记不再需要户口簿,中立
5067588510157629,OsmhJ0F0p,5146095634,唯他命凯kkk,这，那天结婚了，爸妈都不知道呀,结婚登记不再需要户口簿,中立
5067588505961033,OsmhIp0JH,2251720531,小北森森,离婚冷静期就是告诉你，别轻易结婚,结婚登记不再需要户口簿,中立
5067781555356007,Osrj5mtld,1700162184,李小萌,结婚不再需要拿户口本了？你对婚姻登记草案怎么看？,结婚登记不需要户口簿方便了谁,中立
5067781521804572,Osrj27zs0,7825146957,轻松熊不倒立_Yee,绑个情侣空间就算结婚得了呗，颠，实在是颠到底是谁在受益……,结婚登记不再需要户口簿,反对
5067781364256148,OsriMhRdy,5681837899,小啊搓啊,那个“唇珠”想出来的，请假条都比结婚证难搞,结婚登记不再需要户口簿,中立
5067781280105831,OsriE0rwX,7438368605,sooya_冷少,不同意不同意不同意不同意不同意不同意不同意不同意不同意不同意不同意不同意不同意不同意不同意不同意不同意不同意不同意不同意不同意不同意不同意不同意不同意不同意不同意不同意不同意不同意不同意不同意不同意不同意不同意不同意不同意不同意不同意不同意不同意不同意不同意不同意不同意不同意不同意不同意不同意不同意不同意不同意不同意不同意不同意不同意不同意不同意不同意不同意不同意不同意不同意不同意不同意不同意不同意不同意不同意不同意不同意不同意不同意不同意不同意不同意不同意不同意不同意不同意不同意不同意不同意不同意不同意不同意不同意不同意不同意不同意不同意不同意不同意不同意不同意不同意不同意不同意不同意不同意不同意不同意不同意不同意不同意不同意不同意不同意不同意不同意不同意不同意不同意不同意不同意不同意不同意不同意不同意不同意不同意不同意不同意不同意不同意不同意不同意不同意不同意不同意不同意不同意不同意不同意不同意不同意不同意不同意不同意不同意不同意不同意不同意不同意,结婚登记不再需要户口簿,"
强烈反对"
5068137468793935,OsAz8ATHF,7025269283,追昕随月,这一系列的婚姻政策真的对女性太不友好了！恐婚恐育恐男了,结婚登记不再需要户口簿,强烈反对
5068137287123069,OsAyQtT2d,6192413726,也此春酒_高三疯狂版,搞这些没用的之前建议先把家暴离婚什么的明确立法。。。别到时候离婚七年被前夫殴打还被判成家暴。。甚至头七过了婚都离不了,结婚登记不再需要户口簿,中立
5068137204812155,OsAyIkbRp,7753252204,被化学拒绝的10086次,怪不得世界对我这么差原来是因为我是被差的啊,结婚登记不再需要户口簿,中立
5068137083176884,OsAywdks4,7269204036,Eeyeglass,到底是谁在制订这些傻缺的法案啊？到底是怎么通过并且发布出来的啊？我都怀疑你们是不是汉奸了？想用这种方法对让我们自己的国家失去信心？,结婚登记不再需要户口簿,强烈反对
5067588486825847,OsmhGsDIj,5540557038,龙哥财经课,这个政策很适合恋爱脑，再这样下去以后满16周岁就能结婚了。,结婚登记不再需要户口簿,反对
5067588475028219,OsmhFl64j,1306505563,小娴一米八,这就意味着变相绕开父母这关了。结婚越来越容易，离婚却需要冷静期，不太对等啊。你距离结婚，最大的障碍是什么？,结婚登记不再需要户口簿,中立
5067781261757865,OsriC7niF,5878813819,姜暄暄w,噢噢限流是吧，怎么的戳到痛处了？我说提议的人是人贩子生的怎么了？我说对了？还是我说提议的人贪污受贿说中了？,结婚登记不再需要户口簿,强烈反对
5067781244981410,OsriAkTTk,3224949014,假期在家,吗的一想到自己拼死拼活的中考高考可能还要考研，就已经够糙淡的了。然后找工作实习在拼死拼活的转正升职加薪，中间免不了被穿小鞋被使绊子。。然后还要听各种各样的男的自信发言，然后找个看上眼的男人结婚生不生孩子不知道幸福不幸福不知道会不会家暴不知道有没有意外不知道。所以我决定再也不内耗了。说不定那天人类也灭绝了。,结婚登记不再需要户口簿,中立
5067781173150219,OsritddvZ,7317530016,kwrannds,结婚变得越来越儿戏了，下次要不弄个扫一扫登记实现原地结婚,结婚登记不再需要户口簿,反对
5067781168961300,OsrisBBf6,7358178592,阳熙安安,一味的通过政策强加而不改变社会根本问题，结婚率下降是因为女性在婚姻中得到的利益与男性完全不平等，包括但不限于女性在在求职的道路上比男性更困难，普通岗位要考虑女性产假，特殊岗位例如教师护士由于男女比例失调更是资源倾斜向男性。我认为要解决这个问题很简单，就是给男性产假，让男女真正做到公平平等，现在的社会已经完全不适合以前的男主外女主内的结构了，在社会问题例如家暴，人口拐卖，人体器官贩卖，情况如此多发的现在还是只考虑怎样提高结婚率而完全不考虑其他问题我认为是极度不合理的，经济基础决定上层建筑，女性在经济方面的贡献已经大幅度提高，而在法律政策相关的上层建筑上提现不到一点优化，完全看不出中国在男女平等和平上的提升，一味的施压只会激起女性更激烈的抵抗，女性会认为自身是一种被分配的社会资源，包括离婚冷静期和家暴与人身攻击故意伤害完全不平等的处罚结果让女性更加觉得被物化,结婚登记不再需要户口簿,"
强烈反对"
5067781068295001,OsriiyNUl,6741318751,恋安静aD,哪个人才想的真是个馊主意为了生育率搞这种,结婚登记不再需要户口簿,"
强烈反对"
5067780992533138,OsribaCZ4,5648790156,河南科技大学,8月13日，《婚姻登记条例》在民政部网站全文公布并公开向社会征求意见。修订草案相比原条例，在登记程序上作了较大修改。根据草案的规定，结婚登记和离婚登记都不再需要户口簿，也取消了过去对登记的地域管辖的规定。结合民法典，草案新增了关于30天“离婚冷静期”“婚前隐瞒重大疾病可撤销婚姻”等条例，并对“离婚冷静期”进行了具体的规定。如何看待婚姻登记不需要户口簿,结婚登记不再需要户口簿,中立
5068136934017181,OsAyhgR3f,5954420344,TheatricalKi,更加坚定不结婚的信念了我和💰天下第一好,结婚登记不再需要户口簿,中立
5068136745537101,OsAxYnes5,6192413726,也此春酒_高三疯狂版,我们是很缺人口吗这么放宽条件结婚干嘛,结婚登记不再需要户口簿,中立
5068136691272208,OsAxT5kXu,6356477663,大吃特吃8,拿张身份证就结婚去了？？也不怕被骗为什么离婚程序这么复杂,结婚登记不再需要户口簿,反对
5068136588248300,OsAxIyBL6,7840463475,别再偷偷伤心,早知道长根屌的好处这么多当初在妈妈肚子里的时候就该给自己狠狠的捏一根,结婚登记不再需要户口簿,中立
5068136560985085,OsAxG48gt,1263692934,第一球迷胖哥,胖哥畅谈天下事超话近日，《婚姻登记条例》在民政部网站全文公布并公开向社会征求意见。根据草案的规定，结婚登记和离婚登记都不再需要户口簿，也取消了过去对登记的地域管辖的规定。“全国通办”“不再需要户口簿”，婚姻登记取消地域管辖限制，其背后传递的信号清晰而明确，那就是，真正将婚姻还原为个人事务，将结婚登记还原为个人权利。一是“属地”的框不再成为阻碍；二是“家庭影响”收缩，诸如“天价彩礼”之类的问题，或许也就有了不一样的解决思路。O封面新闻,"解决天价彩礼等问题有了新思路,离婚冷静期是双刃剑,结婚不要户口本或缓解天价彩礼现象","
支持"
5068136382728163,OsAxobrID,5100243123,我真的很易怒,高价彩礼争执不休的时候郭嘉就已经默默出手了这是发媳妇，再接不住就不能上网乱叫了哦,结婚登记不再需要户口簿,"
强烈反对"
5067588455632396,OsmhDnDf6,6355649753,飞鱼Tech,对于那些恋爱脑的人来说，两个人拿着身份证是不是就能去结婚登记了？这样不会太把婚姻当儿戏了么？我感觉这并不是什么好事啊。是不是看现在结婚率下降，才搞得这个政策离婚冷静期要有，结婚冷静期必须也要有，未婚、结婚、离婚，这三个完完全全是三种不同的身份了，尤其是对于女生来说。,结婚登记不再需要户口簿,反对
5067588453009846,OsmhDcCZU,7334534706,月亮降落点-12,结婚和离婚的规定是不是反了，结婚才需要慎重考虑吧,"结婚登记不再需要户口簿,离婚冷静期",中立
5067588452747587,OsmhDbwLV,7082190209,一笼橘猫-,人口拐卖的看了更高兴了,结婚登记不再需要户口簿,中立
5067588437022267,OsmhBtsOn,5623007505,无敌爆炸帅-小程,笑死了，为了提高结婚率不达目的吗？有趣到时候结婚率上来了离婚率也上来，民政局可真忙,结婚登记不再需要户口簿,反对
5067780976280268,Osri9qlME,7806649753,不听话的自来卷儿,提高结婚率是为了什么？为了增加人口？有这闲工夫不如抓紧研究研究男性人造子宫，这样不用依靠母体也可以自己生孩子，省的扯皮了，这何尝不是一种办法，,结婚登记不再需要户口簿,中立
5067780958978455,Osri7BFHN,6166293650,牛牛求求,莫名的想法涌上心头，好想结婚啊，我要是偷偷领证，我家里人可能得晕倒吧,结婚登记不再需要户口簿,中立
5067780954784510,Osri7k4Fw,5817274471,谁让你吃我蛋糕了,再说一万遍，不做服从性测试的适应者，什么时候真的能保障好妇女的权益，再来催婚谢谢！这么想要结婚率出生率，要不努努力让tx结婚合法什么问题都迎刃而解啦，喜大普奔嘞,结婚登记不再需要户口簿,"
强烈反对"
5067780950331155,Osri71o9d,5062571891,-我们彼此簇拥歌唱希望-,这么吓人你们都去结婚吧,结婚登记不再需要户口簿,中立
5067780818733008,OsrhTADQY,7558282607,kiku-煜凌,不理解不尊重。？改的啥,结婚登记不再需要户口簿,"
反对"
5067780783866378,OsrhQgdOW,7556842204,在224号星球吃瓜少女,我觉得我也能去出方案。多搞点事业解决就业问题再说吧，婚姻矛盾不处理，抓着我们霍霍干嘛。真想让老祖宗出来扒了这些人的皮,结婚登记不再需要户口簿,反对
5068135970113232,OsAwJ0tsk,7162968504,咘圆啦啦啦,所以，这个到底是谁提的,结婚登记不再需要户口簿,中立
5068135843762851,OsAwwfMT9,5841795392,几时-T,服了，看个演唱会都是强实名，结果你告诉我结个婚只需要身份证,结婚登记不再需要户口簿,中立
5068135778748198,OsAwpAHNY,6503931449,顾沉棠,现在有的男的就开心了吧,结婚登记不再需要户口簿,中立
5068135677824940,OsAwfwPCI,1479040710,河南法制报,8月12日，民政部发布关于《婚姻登记条例》公开征求意见的通知。“结婚登记不再需要户口簿”“离婚冷静期”“离婚冷静期写入婚姻登记条例”等多个话题登上微博热搜，引发网友热烈讨论。据悉，意见反馈截止时间为2024年9月11日。⑯,"婚登草案征求意见9月11日截止,草案最大突破是婚登信息全国联网,结婚不要户口本或缓解天价彩礼现象",中立
5068135608620215,OsAw8AavJ,7809152818,JEN__forever,家暴被打成潮汕牛肉丸了都离不掉,结婚登记不再需要户口簿,中立
5068135381864289,OsAvM7OZb,6503931449,顾沉棠,你这样搞，我以为我是汉奸呢,结婚登记不再需要户口簿,中立
5067588428628038,OsmhAAcxU,5449322204,橘包红菜苔,结婚容易离婚难，所以从根本上解决就是不婚,结婚登记不再需要户口簿,中立
5067588382231974,Osmhw9mDA,5675191709,红包抢吧,那家长有可能不知道自家孩子啥时候结婚了。。。。。。。,结婚登记不再需要户口簿,中立
5067588381970633,Osmhw8gEp,7765061822,我要一直睡觉-_-,这下都知道结婚没好处了,结婚登记不再需要户口簿,中立
5067588378038557,OsmhvxJc9,5552806696,炸毛的波斯猫呀,离婚冷静期还有吗？是不是会取消,结婚登记不再需要户口簿,中立
5067780418963346,OsrhfBBM6,6065641472,島上來信c,00后什么都赶上了又什么都没赶上[躺平],结婚登记不再需要户口簿,中立
5067780366012221,Osrhape3j,7722906595,萧寺远,搞笑，给我根雕让世界爱我一下,结婚登记不再需要户口簿,中立
5068135321570069,OsAvG6ArH,2781649783,郑房有问有答,老师说越容易拿的证，越没有含金量。,"结婚登记不再需要户口簿,结婚登记不需要户口簿方便了谁,结婚登记须提供户口簿被指违背婚姻自由",中立
5068135152222907,OsAvp9khl,1400652955,funny-6,民政部解读结婚登记不再需要户口簿：近日，民政部公布的《婚姻登记条例》中明确提出，结婚登记将不再需要户口簿。这一变化旨在倡导婚姻自由，简化登记流程。根据修订草案，内地居民办理结婚登记时，仅需提供本人的居民身份证以及本人无配偶且与对方当事人无直系血亲和三代以内旁系血亲关系的签字声明。这一举措不仅减轻了当事人的负担，也体现了国家对婚姻自由和个人隐私的尊重。同时，草案还加强了对婚姻登记信息安全的管理，确保婚姻信息的及时、准确、完整和安全。,民政部解读结婚登记不需要户口簿,支持
5068135127057390,OsAvmtBWS,6503931449,顾沉棠,我他妈以为我是汉奸呢这样搞我,结婚登记不再需要户口簿,中立
5068134914720862,OsAv1jO6W,5346934937,永远睡不够的网瘾少女,地球公转原来是围着公的转,结婚登记不再需要户口簿,中立
5067588350513216,Osmht29vG,2471592112,夏至的瞎子,笑死我竟然生出了一个邪恶的想法不是想提高生育率嘛行呀生了孩子后扔民政局门口让国家养更健康,结婚登记不再需要户口簿,中立
5067588329800610,OsmhqF7Am,1463946293,吴佩,这两个热搜放在一起，就很有意思了：结婚可以冲动，但离婚就要冷静？,"离婚冷静期拟加入婚姻登记条例,结婚登记不再需要户口簿,离婚冷静期",中立
5067780286321052,Osrh2qwos,6339889083,你困不困我困--,感觉全世界都在盯着女性的子宫……,结婚登记不再需要户口簿,中立
5067780057732436,OsrgFwryI,6698207639,拉塞尔想吃烤五花,害……该怎么说呀，生育率提不上来开始急了但是这种规定出台的危险后果承担得起吗,结婚登记不再需要户口簿,反对
5067779999271360,OsrgzCTU4,5435071114,金闪闪啊金灿灿,作为女人对中国婚姻法的失望透顶。,结婚登记不再需要户口簿,"
强烈反对"
5067779876590057,OsrgnrEnf,2698969622,CeciliaLavigne,日常超话一天喝三杯咖啡还是好困好困好困🥱,"唤醒味蕾挑战,超级红人节,结婚登记不再需要户口簿",中立
5068134803838418,OsAuQg6xY,7427932978,战哥在哪儿,《中华人民共和国宪法》第四十九条规定，婚姻、家庭、母亲和儿童受国家的保护。禁止破坏婚姻自由。《中华人民共和国婚姻法》第三十二条规定，男女一方要求离婚的，可由有关部门进行调解或直接向人民法院提出离婚诉讼。人民法院审理离婚案件，应当进行调解;如感情确已破裂，调解无效，应准予离婚。民政部作为一个行政部门，公然试图用一个行政规章，推翻《宪法》《婚姻法》，这和“依法治国”完全是背道而驰，是“权大于法”的直接体现。,"婚姻法,离婚冷静期内任何一方可申请撤回,结婚登记不再需要户口簿,离婚冷静期","
强烈反对"
5068134681415906,OsAuE5Wlc,7484034956,美丽多金且沉稳,就不结就不生生育率亮红灯关我什么事？我的人生从出生开始就已经亮红灯了,"结婚登记不再需要户口簿,我国总和生育率低于国际警戒线",中立
5068134450992247,OsAuh4a7Z,7430391210,困困小悠,想想被拐卖的女性想想遭受家暴的女性都说男女平等但提交修改意见的时候女性卡的要死男性提交成功的速度和火箭一样快现在搞这种是难道不是一种隐秘的男尊女卑吗？大清亡了新时代的女性不该被你们如此对待都生于女性之腹为何不体谅体谅女性的痛苦遭受家暴毒打的女性居然连提出离婚的权利都没有男方不同意女性就应该一辈子活在他的阴影之下吗,结婚登记不再需要户口簿,"
强烈反对"
5067588327445042,OsmhqveNk,2745425600,长桥屿月,以后没准真的可以原地结婚了对不结婚的人来说怎么样都无所谓,结婚登记不再需要户口簿,中立
5067588319316883,OsmhpD5Kj,7432512321,剑齿虎-,？为什么啊离婚还有30天冷静期怎么结婚没有30天冷静期现在连户口薄都不用了女孩子千万别脑子一热两手空空就去把婚结了,结婚登记不再需要户口簿,反对
5067588281044176,Osmhm4nDy,6601021757,水无Yukila,结婚宽进严出了是吧呃呃呃,结婚登记不再需要户口簿,中立
5067779797157753,Osrgfu23D,7312662686,绘暮清欢·,反对反对反对，去民政部反对啊啊啊啊啊啊啊啊啊啊啊啊,结婚登记不再需要户口簿,强烈反对
5067779575645879,OsrfTnGKz,7735710391,小河魚游,？是用大脑想出来的东西？,结婚登记不再需要户口簿,中立
5067779489402629,OsrfKDs3j,3582017262,曲奇味可爱多,好癫啊结婚这么大的事儿搞的越来越随意比我找工作容易比我养小火人容易能不能对女孩子好点啊淦！,结婚登记不再需要户口簿,反对
5068134008490553,OsAtyzCMp,7657034459,_会_下雨_,女性为自己发声就被认为是女权是反社会男人舒适的享受了五千多年甚至更久却从来无人质疑世界什么时候像爱男一样关怀女性,结婚登记不再需要户口簿,中立
5068133658794322,OsAsZATNU,7671246159,你家嘛_,脑子里装的都是什么，当自己是大地主？能有好几房老婆？还是要让女人生几窝孩子？还是想骗那些女孩子上当受骗？,结婚登记不再需要户口簿,"
强烈反对"
5068133414732426,OsAsBjR7s,7702269919,Tetenn,爸了个根的，傻哔玩意儿，这个世界时时刻刻都在告诉我，我少了个死东西,结婚登记不再需要户口簿,强烈反对
5068133313814254,OsAsrg0ge,7790893977,越凡遗世-983484,结婚登记“新规”来了8月13日，民政部又发布了《婚姻登记条例》，主要包括：1.结婚登记不再需要户口簿；2.取消对登记地域管辖的规定；3.新增30天“离婚冷静期”、“婚前隐瞒重大疾病可撤销婚姻”等条例……简而言之，就是领证结婚更简单了，离婚加了点难度！按理来说，这是人文的进步，掌握户口簿的父母越来越难插手儿女的婚姻。但总感觉有点奇怪……就像房地产和A股一样，各种喊话轮番出击，但从来不谈根本问题。如此一来，可能确实有些不谙世事的小情侣，冲动结婚，比如大学里的学生情侣。但这顶事儿么？民政部发布数据，今年上半年，全国结婚登记343万对，创十年新低，仅为2014年同期的一半。当下传统的家庭模式崩溃是必然结果，社会的基本单元从家庭打散为一个个人。下一代人与人、人与家庭究竟是个什么模样，也不是我们这一代人能想象的了。团圆团聚，其乐融融，天伦之乐～～这些东西以后或许只是个词语。为了幸福感这句口号，看来还得要加把劲儿～,,中立
5068132926362578,OsArOqHce,7765301086,哇啦哇啦____,极端条例越来越多之后，不结婚的一定会越来越多的,"目前我国终身不婚人群仍是少数,结婚登记不再需要户口簿",中立
5067588264266611,OsmhkhTWj,5162171322,兮夜的安妮,谁提议的，谁通过的...,结婚登记不再需要户口簿,中立
5067588252206683,Osmhj9g3F,6437549804,达拉也会崩吧,又是哪个大聪明专家想出来的,结婚登记不再需要户口簿,中立
5067588250111419,Osmhj0sZ5,2668314343,地球迷你小白菜,😓😓呃，不好意思更不会结了,结婚登记不再需要户口簿,"
反对"
5067588247752967,OsmhiwwTR,7787714875,王权宝果,没关系也不太重要不结万事没有,结婚登记不再需要户口簿,中立
5067779359114547,OsrfxCf6P,3205841291,Oyster14,实行户籍制度的本来就没几个国家，只不过国情和国民平均素质和还远远不能适用所谓“婚姻自由”规定，生育福利和女性用工保障先大幅提升起来再说吧,结婚登记不再需要户口簿,反对
5067779319009943,OsrftBNTF,5912084937,yiuxixihix,不用考核的证能是什么好东西,结婚登记不再需要户口簿,反对
5067779198158767,Osrfhyet1,1850537510,二牛niu,但凡当时有结婚冷静期，哪怕签字后只给我三五分钟我也不致现在还在厉劫,结婚登记不再需要户口簿,中立
5068132838543623,OsArFzQAn,7385584106,蓓烤和谐猪,回来填个短信验证码就能结婚了,结婚登记不再需要户口簿,中立
5067588217868363,Osmhfx0V5,7404978159,柠檬绿茶不加绿茶,牛逼下一步是不是结婚连身份证都不需要直接人到就行,结婚登记不再需要户口簿,中立
5067779130527091,Osrfb2d7t,5985307051,SileyAlley,演唱会安检都比这严格……,结婚登记不再需要户口簿,中立
5067778983464524,OsreWexhq,1750987934,广州交通电台,《婚姻登记条例》公布，在登记程序上有较大修改。结婚登记和离婚登记都不再需要户口簿，也取消了过去对登记的地域管辖的规定。,"结婚登记不再需要户口簿,婚姻登记取消户口簿彰显婚姻自由,婚姻登记拟不需要户口簿",中立
5067778776370851,OsreBqJlF,6294105355,洲彦是个小包叽,居然已经癫成这个样子了是已经开始实施了还是提案中也可能这是一个最难以接受的假消息后面再出一个比这个稍微好一点的真消息但是无论是哪一个都补药啊。。。,结婚登记不再需要户口簿,反对
5067778682526418,OsresaBeG,6053748484,吃瓜吃糖,都不是傻子，以前在国外拿着护照就能直接结婚，ex想啪我说走啊去大使馆咱省事，ex就再也没提过,结婚登记不再需要户口簿,中立
5067588201612104,Osmhe6LnG,7600081132,酒嗨high,离婚有冷静期，那结婚是不是也该有冷静期呢？感觉现在年轻人结婚大多都是凭着一腔热情。说到结婚，大家都知道就是结婚宴席中必不可缺的东西，可能大家会觉得尴尬，不自在，伤心难过，影响名声，但其实在有的地方这也是一种仪式感。有些少数民族离婚仪式中，酒也同样扮演着十分重要的角色。男女双方同意离婚后会邀请村寨中威望较高的长者主持离婚仪式，听取离婚双方的离婚理由，将一碗酒倒到两个空碗中，离婚，男女一饮而尽。可谓是成也一壶酒，散也一壶酒。,"结婚登记不再需要户口簿,离婚冷静期",中立
5067588194012942,OsmhdgPWS,7419832872,太阳当空照a照,这个世界越来越癫了。。,结婚登记不再需要户口簿,中立
5067588193224482,OsmhddwPM,5976532851,十三月say再见,以后的小孩子是不是结婚了，父母都不知道？,结婚登记不再需要户口簿,中立
5067588173040258,OsmhbcKUq,7827179139,懒懒懒懒休息,意见稿那么多人不同意取消吧，顺便出一个取消离婚冷静期的意见稿,结婚登记不再需要户口簿,"
支持"
5067588167796696,OsmhawIha,1197153650,陈彤春日迟迟,所以以后结婚就不要说父母不同意啥的拿身份证就可以结了,结婚登记不再需要户口簿,中立
5067778602043415,Osrek8zAj,7435528096,Tseeeeeee_o,所以冲动结婚牵绊终生？？？？火速到官网把意见征集填了,"结婚登记不再需要户口簿,婚姻登记取消户口簿彰显婚姻自由",中立
5067778384724924,OsrdYjPas,2628232915,白日妙想家,要么就结婚离婚都简单点，宽进严出是搞什么，我看你是真的饿了,结婚登记不再需要户口簿,"
强烈反对"
5067778379486182,OsrdXDNMW,5785352822,Leo小铃铛,说句不好听的这到底是哪个日本人想出来的,结婚登记不再需要户口簿,中立
5067778376341016,OsrdXqBAs,5742314129,晚苏6,对于这件事儿真nm那意思是不用通过对方父母那一关就直接结婚了是吧都有利有弊都一直有不懂事的女娃娃好骗从古到今永远都是女的惨男的爽说结婚都可以自由了说的那么好听说白了都是去保护男的吗结婚率和生育率都下降了就非得这样吗真nm还说什么老年人挺多的需要养老金需要更多的年轻人和娃娃儿吗我天呐你怎么不去降低房价车价啥的啊？,结婚登记不再需要户口簿,强烈反对
5067778339902442,OsrdTFy4O,2853227694,lumeng-,提案谁提的…提不出可以不提…乱提还不如不提…,"结婚登记不再需要户口簿,离婚冷静期内任何一方可申请撤回","
强烈反对"
5067588166226904,Osmhaq7TW,2183542485,西安广播电视台,@西安气象预计未来6小时内长安区、鄠邑区、周至县、蓝田县、西咸新区可能受雷雨大风影响，局地有短时强降水，最大小时雨强可达15-40毫米，阵风可达6-7级并伴有雷电，请注意防范。防御指南：1.做好防风、防雷电、防雨准备；注意有关媒体报道的雷雨大风最新消息和有关防风、防雨通知，学生停留在安全地方；2.把门窗、围板、棚架、临时搭建物等易被风吹动的搭建物固紧，人员应当尽快离开临时搭建物，妥善安置易受雷雨大风影响的室外物品；3.妥善保管易受雷击的贵重电器设备，断电后放到安全地方；4.危险地带和危房居民，应到避风场所避风，千万不要在树下、电杆下、塔吊下避雨，出现雷电时应当关闭手机；5.切断霓虹灯招牌及危险的室外电源、停止露天集体活动，立即疏散人员；高空等户外作业人员停止作业，危险地带人员撤离。同时，西安市气象台2024年08月15日10时16分解除高温黄色预警信号。,"西安解除高温预警发布雷雨大风黄色预警,结婚登记不再需要户口簿",中立
5067588146564407,Osmh8rxHx,7880391079,凤皇金玲珑,放这么宽松，这下年轻人岂不是想结婚直接拿着身份证到民政局随便结婚也不知道是好事还是坏事,结婚登记不再需要户口簿,中立
5067588130049337,Osmh70cPL,1760298927,陆锡鑫,面对人口出生率低下，是时候修改有关法律法规了。一方有病不提前告知，涉及基本诚信，支持。8月13日，《婚姻登记条例》在民政部网站全文公布并公开向社会征求意见。修订草案相比原条例，在登记程序上作了较大修改。根据草案的规定，结婚登记和离婚登记都不再需要户口簿，也取消了过去对登记的地域管辖的规定。结合民法典，草案新增了关于30天“离婚冷静期”“婚前隐瞒重大疾病可撤销婚姻”等条例，并对“离婚冷静期”进行了具体的规定。全文↓↓O不再需要户口簿，取消地域规定，婚姻登记条例修订草案征求意见,"重大疾病不告知可以撤销婚姻,结婚登记取消地域限制,结婚和离婚都不再需要户口簿,结婚登记不再需要户口簿","
中立"
5067588125594983,Osmh6ntvF,7868378343,CateroIIIXin_,那会不会别人拿我的身份领证结婚我却不知道呢,结婚登记不再需要户口簿,中立
5067778320499337,OsrdS25TP,6570401432,rua_嗨皮安定,666那是不是等会手机验证码就好了,结婚登记不再需要户口簿,中立
5067778232420194,OsrdJa9Bo,7585320007,泡芙杀客00,弄个微信结婚小程序登记一下得了但是离婚必须得上民政局一个省只开一个民政局,结婚登记不再需要户口簿,中立
5067778203852794,OsrdGgahQ,6832524674,摩天轮在思念谁,那我请问拐卖妇女是不是更容易了呢？。。,结婚登记不再需要户口簿,"
反对"
5067778183398151,OsrdEeg0T,3826717699,AAA批发老黄,什么意思？！！你征求谁的意见？！你爸了个根的，征求意见点都点不进去？！！反对反对反对👎！！！！！！！！,结婚登记不再需要户口簿,强烈反对
5067778166363049,OsrdCqHjP,6527340298,j捏捏_,真的是没有屁👁的人才能想出这样的政策，我建议所有这些政策都能实名制谁提出的，别让我骂错人了,结婚登记不再需要户口簿,强烈反对
5067588117205460,Osmh5uet6,6068069736,钟声熄灭前,比结婚登记不需要户口簿更需要关注的是提出离婚申请后30天内，任何一方只要申请撤回，就得立即终止离婚程序好恐怖，这怎么行？快来给我说下是不是我理解错了,"结婚登记不再需要户口簿,离婚冷静期",中立
5067588107242812,Osmh4uoby,6978494187,云默海滩,我的感觉是，可以把男22女20岁的结婚登记年龄，加一点，比如，男24女22。防止冲动结婚。或者，设置结婚冷静期。,结婚登记不再需要户口簿,中立
5067588105146832,Osmh4lAVq,2005592384,你好我是多水鸭,这又征求意见了赛博身份证怎么不征求意见啊,结婚登记不再需要户口簿,中立
5067588090728582,Osmh333xk,7890593601,肉桂羊角蜜,结婚登记不再需要户口薄,结婚登记不再需要户口簿,中立
5067778136217097,Osrdzq5lL,7774244296,小狗肖狗,慢慢地“结婚”这个词变得越来越渗人,结婚登记不再需要户口簿,中立
5067778094008921,OsrdvgOU1,5698245197,御姐范小丫头866,你早点提出来啊，早点提出来，我死都不结婚不生孩子，现在让你来祸害后代是吗？,结婚登记不再需要户口簿,强烈反对
5067777905791343,OsrdcoiAL,5864442256,桃沢真菜,为了提高生育率真是不择手段了真是疯了,结婚登记不再需要户口簿,强烈反对
5067588080241049,Osmh210HT,7756956985,自在逍遥走一回,花样再多不想结的还是不会结，想结婚的反到会多想想，想到最后没准也不会结了。,"结婚登记不再需要户口簿,离婚冷静期拟加入婚姻登记条例",中立
5067588069756982,Osmh0EWeG,7891576443,行满适放,为了计划生育你们也是拼了,结婚登记不再需要户口簿,中立
5067588063467969,Osmh0eyaZ,1885643100,-Hineline,明明结婚率低生育率低的痛点就摆在那儿，但就是假装看不见，要不干脆民政局都不用去了，弄个小程序，让那些涉世未深的少男少女们只要聊得来就能结~,结婚登记不再需要户口簿,中立
5067588051406193,OsmgZ5TOx,2271819183,小夏天芽芽,离婚需要冷静期，结婚不需要户口本还结啥婚？都直接同居好了，也不需要结婚啊，还要户口本干啥呢？？？乱套了,结婚登记不再需要户口簿,"
强烈反对"
5067777847067856,Osrd6tEFG,6294544242,偏爱奔地小行星,又是无极限剥削压迫女性，又是倒退五百年。,结婚登记不再需要户口簿,"
强烈反对"
5067777767901920,OsrcYx9Ek,6201095795,大屁股的双下巴,三条连起来就是：鼓励结婚、催生、禁止离婚,"35岁前为最佳生育年龄,结婚登记不再需要户口簿,离婚冷静期内任何一方可申请撤回","
反对"
5067777667239745,OsrcOuno5,7385700990,轩属女孩,你名义上的自由确是让我更不敢结婚了，虽然本人还小,结婚登记不再需要户口簿,"
反对"
5067588029649032,OsmgWEu9y,7645734274,萧少算了算了,为了鼓励结婚生育简直没有下限了简直是把婚姻当儿戏,结婚登记不再需要户口簿,强烈反对
5067588011033542,OsmgV4kS2,3158053092,明天辞职去西藏,以后复仇新方式我偷你身份证去结婚结一个你自己都不知道的婚嘻嘻,结婚登记不再需要户口簿,中立
5067777645218073,OsrcMlTst,7480684256,冬日恋一,怪不得这么多人不想结婚，等人口数量下降了，就老实了,结婚登记不再需要户口簿,中立
5067777547439312,OsrcCvdiU,7585940282,快乐草莓冰淇淋778,🐮马世界专坑00后这世界终于是癫了,结婚登记不再需要户口簿,中立
5067777510998261,Osrcz4bGZ,6353267642,胖虎彭不羁,见不见啊，建议结婚记录公开透明，全网全民可查！！！！！！！！！！！！！！！！！！！！！！！！！,结婚登记不再需要户口簿,"
强烈反对"
5067777461979214,Osrcu8iSO,6067394000,甜豆花儿-er,祝各位女同胞头脑清醒，辛辣敏锐，保持愤怒，大声喧哗，坦然自若，不知羞耻，身体健康，坚定自我，不受控制，掌握主导，远离牺牲，掷地有声，涅槃重生，勇于挑战，心情舒畅，力大无穷，开阔视野，经济独立，财富自由，在广阔的大世界里创造不同💪新时代的紫薇星，应该是万万千千崛起的中国新时代女性。,结婚登记不再需要户口簿,中立
5067777422918078,Osrcqcf7M,6597567715,很久了1741,vocal求求了，那些不慎被拐卖的妇女怎么办？一觉醒来多了个老公吗？？？这种存在风险的规定就不应该在风险没被解决前出现,结婚登记不再需要户口簿,强烈反对
5067777403258860,OsrcodFMg,6193688925,陌世凉茶,这简直就是有毛病自由在哪了到底维护了谁的权益啊！！！！,结婚登记不再需要户口簿,强烈反对
5067777243615467,Osrc8faxZ,5283777081,愿心不老Lydia,如果为了提高结婚率而设置这样的结婚政策，那大可不必！这样的政策实施以后，不谙世事、年轻冲动的小情侣可能会因为荷尔蒙上头盲目扯证，但是结婚更多的是体现它的法律意义，情侣双方通过结婚登记，享受夫妻间的权利和义务。从这个角度看，结婚不仅仅是男女双方的结合，更多的是两个家庭的连接，不被父母祝福的婚姻大概率是没有好结果的。婚姻自由不仅包括结婚自由，也包含离婚自由，如果取消户口簿可以彰显所谓的“婚姻自由”，那拜托不要给离婚设置如此多的门槛，请问鸡肋的“离婚冷静期”什么时候可以取消？《民法典》中这条规定什么时候可以修正？？？,结婚登记不再需要户口簿,反对
5067777237061527,Osrc7tD1B,1801998131,蓝色汉堡L,结婚自由，离婚却不自由，这真的是自由的婚姻制度吗？,结婚登记不再需要户口簿,中立
5067777205338518,Osrc4moN8,7257242913,黛娜可露,民政局官网→右上三条线→交流互动→征求意见→找到《结婚登记条例》征求意见→提交不同意9.11号截止,结婚登记不再需要户口簿,反对
5067777133512894,OsrbXeJRA,6617310160,naledi_N7,好恶心为了生育率没有底线了吗。,结婚登记不再需要户口簿,"
强烈反对"
5067777113591305,OsrbVf4gh,6935034562,霹雳无敌酱豆包-,没事，大不了最后减重的所有人一起当人贩子,结婚登记不再需要户口簿,中立
5067587969091224,OsmgQC92E,5633665147,鉴股牛哥,8月13日，《婚姻登记条例》在民政部网站全文公布并公开向社会征求意见。该草案相比原条例，在登记程序上有较大修改，其中结婚登记和离婚登记都不再需要户口簿。按照修订草案，办理结婚登记的内地居民出示的证件和书面材料只有两项：本人的居民身份证以及本人无配偶以及与对方当事人没有直系血亲和三代以内旁系血亲关系的签字声明。办理离婚登记的内地居民出具的证件也只包括本人的居民身份证和本人的结婚证两项。此外，草案也取消了过去对登记的地域管辖规定。调整后，双方均非本地户籍的婚姻登记当事人可以凭规定的材料，在居住证发放地婚姻登记机关申请办理婚姻登记，或者自行选择在一方常住户口所在地办理婚姻登记。结合民法典，草案还新增了关于30天“离婚冷静期”“婚前隐瞒重大疾病可撤销婚姻”等条例，并对“离婚冷静期”进行了具体规定。,结婚登记不再需要户口簿,中立
5067587933702035,OsmgNfx4f,2790156493,肖战的小M丶,用狗代签都提高不了结婚率,结婚登记不再需要户口簿,中立
5067777100219757,OsrbU0Vat,5323065226,J小婷同学,确定这是为了增加结婚率，减少离婚率的措施？确定这是婚姻自由？确定不是另一个深渊？确定这不是恐婚的理由？还是单身吧，这婚也不是非结不可,"结婚登记不再需要户口簿,离婚冷静期内任何一方可申请撤回",反对
5067777096551918,OsrbTrus6,5764979088,一枝小鱼茗,国家反诈中心app提醒您：宽进严出不是传销就是诈骗,"结婚登记不再需要户口簿,新星闪光计划",中立
5067777020790317,OsrbM3jB3,2931273935,一只可爱的摩羯怪啊呜啊呜,结婚流程越来越简单了，产生结婚的想法却越来越难了…如果这真的是为了促进生育率的一种方式，那它的成型过程中必然不会受到基层群众的意见干扰。,结婚登记不再需要户口簿,中立
5067776979374276,OsrbHDkG0,2688243435,朱一龙是我唯一crush,结婚越来越容易，离婚各种门槛，哪天不小心丢了身份证可能找到发现成已婚了，想想都觉得恐怖😱,结婚登记不再需要户口簿,"
强烈反对"
5067587916401135,OsmgLqRe7,6323206471,土豆就是坠好吃的,你们真的是越来越没下限了，为了结婚率和人口无所不用其极,结婚登记不再需要户口簿,强烈反对
5067587908276773,OsmgKyJal,7410966470,在逃板栗_,怎么说呢，有一种刚在一起，你侬我侬，立下山盟海誓，水灵灵的就把结婚证领了，咋不给个结婚冷静期,结婚登记不再需要户口簿,中立
5067587908797167,OsmgKAUxN,6034307279,你今天鼓励扎扎了嘛,挺好的，如果你搞定一个superrichboy，不怕人家父母不同意了,结婚登记不再需要户口簿,"
支持"
5067587887825811,OsmgIwPQL,7731715760,里脊肉加蔡,嗯……怎么说这个新规很难评。。总感觉是为了提升结婚率,结婚登记不再需要户口簿,中立
5067587883631201,OsmgIfeDL,1676730133,尺木寸玉1208,结婚降低门槛，离婚提高门槛众所周知，宽进严出的都是骗局,结婚登记不再需要户口簿,"
强烈反对"
5067776908329466,OsrbAyWSe,7437822068,二两尘风,人们生于信仰，毁于信仰……,结婚登记不再需要户口簿,中立
5067776859312534,OsrbvD4Ca,6441088830,其实是木易啊,身份证哪天丢了，会不会变成已婚了……,结婚登记不再需要户口簿,中立
5067776748951894,OsrbkByNo,6601613340,终结章-,老子下辈子长叼你他妈能对我好点吗女的是你工具呗，问问你妈当年和你爸咋结婚啊，发条验证码就登记了是不是啊,结婚登记不再需要户口簿,"
强烈反对"
5067776726930679,Osrbit4Z9,5953810752,还是把麦克风给我吧,结婚登记不再需要户口簿，更把离婚冷静期显的荒诞。隔靴搔痒何至于此，我很期待。,,强烈支持
5067776676333823,OsrbdqzIr,6493591028,战总红顶天下,结婚没有要求，离婚难得如登天，谁敢结婚,结婚登记不再需要户口簿,中立
5067587883106945,OsmgId2g1,5753960204,LLayciga_,明天：结婚不再需要双方同意👍,结婚登记不再需要户口簿,"
支持"
5067587874460712,OsmgHiIqY,5637584267,困倦叮叮车,神金有本事把离婚冷静期取消,结婚登记不再需要户口簿,中立
5067587864237964,OsmgGhMug,5874128635,黑芝麻流心汤圆,去民政部官网看了草案确认了一下，只需要身份证和签字声明，我嘞个豆，我考事业单位领准考证都比这复杂👏,结婚登记不再需要户口簿,"
支持"
5067587866594295,OsmgGrFtB,5655618909,是谁在用我的网名,去音乐节安检都比结婚流程严格,结婚登记不再需要户口簿,"
支持"
5067587866593943,OsmgGrFnV,5705266525,庆幸520520,这种便利值得思考，现在结婚率低不是手续便不便利的问题，应该找到问题的根结，去解决。这以后，可能孩子结婚了，估计父母都还有不知道的。,结婚登记不再需要户口簿,中立
5067776471599985,OsraT6Ied,6601613340,终结章-,要生育率干脆别禁票了呗一会就养完了别太搞笑了我说,结婚登记不再需要户口簿,中立
5067776442762363,OsraQbACf,7482582690,啊啊啊起什么名字,那种父母不同意的懵懂少女怎么办,结婚登记不再需要户口簿,中立
5067587862659106,OsmgGb9KO,5980256731,露似真珠月似弓_,亲亲这边建议要是想提高结婚率可以同性恋合法化哦,结婚登记不再需要户口簿,中立
5067587844573555,OsmgEjbN1,6750352522,梵花焚香,针对00后05后的骗局来了，正是喜欢黄毛没有社会阅历好骗的年龄,结婚登记不再需要户口簿,中立
5067776159124364,OsranChFa,7505248040,林落诗冬Allylchloride,你们所谓的降低结婚门槛到底是谁给你们的好处让你们提出来的？,结婚登记不再需要户口簿,反对
5067776153097114,OsrancZHs,7369083904,向下生长的树树树树,怦然心动的感觉，我想是很难很难再遇见了。爱情距离我就像南辕北辙的车马。即使会重逢，那也是再很久以后了,结婚登记不再需要户口簿,中立
5067776102504239,OsraiavsX,7565655642,钮钴禄_富贵,突然觉得结婚也不是很重要了,结婚登记不再需要户口簿,中立
5067776068687173,OsraeArVH,5717350533,滚开的烫水,什么时候安排上离婚自由？,结婚登记不再需要户口簿,中立
5067587802631845,OsmgAb2F7,7711148568,下雨爱音乐,这下真能背着爸妈偷偷领证了感觉好草率啊...........啥时候离婚也这么容易就好咯,结婚登记不再需要户口簿,中立
5067587795554829,Osmgznj41,7856860848,小琼牌QQ星,？？？谁制定的，又是谁通过的？,结婚登记不再需要户口簿,中立
5067587791093871,Osmgz4Az5,7116236855,好喝果汁,部门为了结婚率也太努力了吧，父母本来可以把关一下过滤恋爱脑的，这下有女儿的更操心了,结婚登记不再需要户口簿,"
反对"
5067775863950593,Osr9UgzJf,6935963487,喜欢翘屁嫩的yy,当初离婚冷静期那么多人反对不还是实行了吗，老百姓的意见又不听问我们干什么，直接实行就好了么。也不知道这些建议谁提出来的，是想提高结婚率还是咋呢，就不能提点实质性的吗，为什么不结婚心里没数吗还是吃太饱不懂吃不饱的苦，生活过的太好忘了我们的初心使命。这边真的建议取消结婚冷静期也别提什么乱七八糟的方法了，不如想想怎么提升人们生活的辛福指数吧，我真的又要阴谋论。,结婚登记不再需要户口簿,"
强烈反对"
5067775760666165,Osr9K2NiB,7496745080,鲸秋蝶落_男仆耶耶版,哦，那免费18周岁自动给我跟khr登记结婚谢谢,结婚登记不再需要户口簿,"
支持"
5067587769075599,OsmgwC4YD,7556895605,小灰狗狗要快乐,真的不会让拐卖妇女儿童的情况更严重吗？,结婚登记不再需要户口簿,中立
5067587757542311,OsmgvvE6b,7039366539,雪兔兔飞,nbcs，就算是刷脸也不结,结婚登记不再需要户口簿,中立
5067587736569019,OsmgtryTV,6328746350,梨花想去洱海修仙-,这俩放一起真讽刺结婚怎么不冷静一个月再发证,"离婚冷静期,结婚登记不再需要户口簿","
反对"
5067587719791635,OsmgrF5fB,5995173698,納溪墨殤-暴打狗疊版,丨啊，搞这个，不如去取消离婚冷静期,结婚登记不再需要户口簿,中立
5067587719272068,OsmgrCU5u,6473970095,热点观察所,8月13日，《婚姻登记条例》在民政部网站全文公布并公开向社会征求意见。修订草案相比原条例，在登记程序上作了较大修改。根据草案的规定，结婚登记和离婚登记都不再需要户口簿，也取消了过去对登记的地域管辖的规定。结合民法典，草案新增了关于30天“离婚冷静期”“婚前隐瞒重大疾病可撤销婚姻”等条例，并对“离婚冷静期”进行了具体的规定。全文↓↓O不再需要户口簿，取消地域规定，婚姻登记条例修订草案征求意见,"重大疾病不告知可以撤销婚姻,结婚登记取消地域限制,结婚和离婚都不再需要户口簿",中立
5067775729212036,Osr9GCEte,7295109292,阿御不吃鱼l,太颠了吧能不能考虑下后果也就是说以后被拐卖后的女性结婚不需要户口本就可以结婚但是离婚却需要双方同意都知道孩子是牵制女性的重要事物后面想跑也难跑啊并且就算报警也会因为已婚关系变得不好处理,结婚登记不再需要户口簿,"
强烈反对"
5067775636146403,Osr9xpMXx,6004715123,纯净水so_o1230,恶心至极的爱丁堡等着物极必反的那一天吧,结婚登记不再需要户口簿,"
强烈反对"
5067775598397382,Osr9tzexE,7613662157,豪吃多吃ccc,有想过没有什么生育率低吗？不从根源解决吗？,结婚登记不再需要户口簿,"
反对"
5067587717435858,Osmgrvcpc,2085363941,风吹草底见老猫,有没有一种可能，自己结婚了自己都不知道,结婚登记不再需要户口簿,中立
5067587702751797,OsmgqbxRP,7795079790,札幌珉恋,你的意思是那些父母不同意的恋情也能因为一时冲动而结婚吗？倒也不必为了生育率结婚率这样乱来再说了结婚难道很好吗？,结婚登记不再需要户口簿,反对
5067775330748948,Osr9338PO,7613267471,橙锦啵,哎哟喂，男宝们现在了还在给自己争取啊！，到底是什么让你们这么自信啊，整天玩抽象，说自己是彭于晏，还真以为自己是彭于晏了？顺便再脱一下自己那苦茶子，看看,结婚登记不再需要户口簿,"
强烈反对"
5067775313709942,Osr91fz7M,6071879804,好好听我爱的歌,婚姻就是合法卖淫是吗？自由体现在哪里了？真的为女性考虑了吗？连遮羞布都不要了，下一步是不是打算按着女性的头去结婚？可以看出来女性一步步觉醒之后那帮男的到底急成什么样了😄婚宴制度的本性就是每个男人都可以拥有一个属于自己的奴隶，哈哈哈哈哈下一年的结婚率会给你答案的，这样下去大家只会更加拒绝、反感、恐惧婚姻。婚宴制度是人类奴隶制度的最后一环，继续下去吧，你们这帮神经病。,"婚姻登记取消户口簿彰显婚姻自由,结婚登记不再需要户口簿,离婚冷静期届满30天不办理视为撤回",强烈反对
5067775292736137,Osr8ZbtNf,6674714665,烟荏0824,干脆以后到了18岁直接系统随机匹配好了,结婚登记不再需要户口簿,中立
5067587644035541,OsmgkgVPn,1154814715,金融八卦女,热搜第一了！以及关于30天话题争论不休，所以为啥年轻人都不爱结婚了？,"结婚登记不再需要户口簿,离婚冷静期",中立
5067775271507973,Osr8X6ki9,3628476972,抹茶牛油果脑袋,这世界最终还是癫成了我想象不到的样子……,"结婚登记不再需要户口簿,离婚冷静期拟加入婚姻登记条例",中立
5067775272555123,Osr8XaIHF,7739168669,最萌的那个是我儿子,我朋友叫我去偷陈奕恒身份证直接登记结婚,结婚登记不再需要户口簿,中立
5067775170579314,Osr8N2qHM,6542691345,每天睡满12个小时i,到底是哪个唇珠想出来的,结婚登记不再需要户口簿,中立
5067775122867079,Osr8Ic1Rd,7609323923,柚子小恐龙,咱们这个社会到底是多缺孩子，年轻人不结婚社会不运转了吗？古代被休都比现在离婚简单。这么爱男的吗？生怕他们没保姆。重点是好好管管没有受到正确教育理念的那些人，注重你的育人事业吧，要不然也不至于你越想逼别人越生气。,"婚姻登记取消户口簿彰显婚姻自由,结婚登记不再需要户口簿,离婚冷静期内任何一方可申请撤回",反对
5067775107925081,Osr8GxfFT,7707578033,碎碎念女士zyyg,等我以后生孩子了，她结婚都不用通知我了，直接自己去办就完事了，连钱都不用给了，免费的还,结婚登记不再需要户口簿,中立
5067587630926305,Osmgj3SYp,6541667320,怪钓譞,这下完了。。更多不正常的人可以结婚了生出来又全是慢脚那些人循环下去我活着好困难,结婚登记不再需要户口簿,"
强烈反对"
5067587618082628,OsmghxUEY,7713098317,i吃菠萝包_佛系追星版,想提高结婚率和生育率的算盘珠子都崩我脸上了,结婚登记不再需要户口簿,中立
5067587618866717,OsmghBcDz,2288662572,耀个芝士吃叭,？？？？？？？？不怕被偷家。？？？,结婚登记不再需要户口簿,"
反对"
5067587615199545,OsmghlODD,6126594849,赖床锦标赛得主小one,既然公开向社会征求意见，就麻烦看看大家的意见吧,结婚登记不再需要户口簿,中立
5067774935959872,Osr8pp0qY,7488374466,花火安乐岗_,世界能不能像爱男一样爱我😊,结婚登记不再需要户口簿,中立
5067774898474187,Osr8lzywr,6979240696,万事顺顺意--,啥时候能搞个考完父母证才能生小孩,结婚登记不再需要户口簿,中立
5067587581379841,Osmge5MXv,5518326892,国际庄杨旋,这不瞒着家长就领证了吗？弊端太大了。,结婚登记不再需要户口簿,反对
5067587549663107,OsmgaExOz,7858852691,忤婧不是祎,结婚是不是应该设置冷静期，离婚还有冷静期呢,结婚登记不再需要户口簿,中立
5067587550972901,Osmgb455X,1774987535,李苦舟,你结婚了吗？你结婚了吗？,结婚登记不再需要户口簿,中立
5067587543634901,OsmgaffBr,7776252925,Synapse来了,终于，又少了一道槛。👏👏👏,结婚登记不再需要户口簿,强烈支持
5067587543894262,Osmgagl4G,6020240155,时静w,好好好以后直接线上登记结婚就好了,结婚登记不再需要户口簿,支持
5067587521613011,Osmg86LCj,1992184701,九段,做自己人生路上的第一责任人，恋爱脑们清醒点，宽进且严出哦,结婚登记不再需要户口簿,中立
5067774850500659,Osr8h26f9,7185507386,小满Ari-,嗯，这个世界就是一个巨大的爱男,结婚登记不再需要户口簿,中立
5067774816947990,Osr8dt9um,7791410696,孤影残月XY,所以结婚能是什么好事吗,结婚登记不再需要户口簿,中立
5067774804106626,Osr8chejU,5470374410,财运滚滚八面来财,彰显婚姻自由，为什么离婚还要有冷静期,结婚登记不再需要户口簿,"
支持"
5067587520303047,Osmg81gPR,6935226906,woojosh,喂。。。这样有的女生更容易被骗啊。。。,结婚登记不再需要户口簿,"
反对"
5067587518204922,Osmg7yqts,6164391855,不准加班加班会死,以后该不会不需要本人去结婚登记就能结婚了吧,结婚登记不再需要户口簿,中立
5067587501953318,Osmg68c98,6102914401,-云松-,真是一点门槛都没有，到时候一堆恋爱脑上头家人阻拦的都跑去结婚。过阵子别是直接可以线上领证搞电子结婚证了。,结婚登记不再需要户口簿,反对
5067774649173185,Osr7WCumB,7091865415,Believe事实,这东西究竟是方便了谁，究竟是谁提出的。我只看到了这是对女性的不尊重，对女性将来人身安全的……,结婚登记不再需要户口簿,"
强烈反对"
5067774642883803,Osr7Wc6cX,6561987197,Binuu-,高层是不是真的混进了间谍了tc你算是完蛋了,结婚登记不再需要户口簿,中立
5067774493984020,Osr7HgIqo,7478146304,喵喵汪旺,追星女有福了谁先捡到自担身份证就可以去结婚了这下拼手速了,结婚登记不再需要户口簿,中立
5067774462529577,Osr7EaC3D,2680420910,西西屿屿屿屿,用短信验证通过得了真不知道在想什么神如金,结婚登记不再需要户口簿,中立
5067587476002079,Osmg3pbpJ,7794769348,竹离岁岁_,不是吧那有些把婚姻当儿戏的人不就开心了吗,结婚登记不再需要户口簿,反对
5067587450570354,Osmg12ong,6186724056,西安职工汇,，取消地域规定，婚姻登记条例修订草案征求意见@劳动者报,结婚登记不再需要户口簿,中立
5067587430650161,OsmfZ2J8t,2440156947,非职业养居人,难道现在大家不结婚是因为需要户口簿么,结婚登记不再需要户口簿,中立
5067774404067871,Osr7yh4eP,3274184973,在阜阳,《婚姻登记条例》近日在民政部网站全文公布并公开向社会征求意见。修订草案相比原条例，在登记程序上作了较大修改。根据草案的规定，结婚登记和离婚登记都不再需要户口簿，也取消了过去对登记的地域管辖的规定。结合民法典，草案新增了关于30天“离婚冷静期”“婚前隐瞒重大疾病可撤销婚姻”等条例，并对“离婚冷静期”进行了具体的规定。新京报发布评论称，婚姻登记顺势取消户口簿要求，更彰显了一种对婚姻自由理念的宣导。婚姻登记必须提供户口簿，不仅意味着一种程序上的繁琐，也是间接影响了个人的婚姻自由。这与当前社会婚姻自由观念的普及和年轻人对婚姻自主权的主张，形成了越来越大的张力。,"结婚登记不再需要户口簿,婚姻登记取消户口簿彰显婚姻自由",支持
5067774353216400,Osr7tduJq,5488583803,9奋斗的小妮子,打卡第1033天，《婚姻登记条例》近日在民政部网站全文公布并公开向社会征求意见。根据草案的规定，结婚登记和离婚登记都不再需要户口簿。国家为了大家的婚姻真是操碎了心O打卡社区挑战吧！,"结婚登记不再需要户口簿,婚姻登记取消户口簿彰显婚姻自由,运动玩出色",支持
5067774344826561,Osr7skfBL,1967713455,小猫咪闭嘴,世界终于癫成了我想象不到的样子。,结婚登记不再需要户口簿,"
强烈反对"
5067774286889551,Osr7msUhN,6012405048,Chnchn_JK,到底是多想要结婚？完事儿了不让离是吧,结婚登记不再需要户口簿,中立
5067587418068441,OsmfXxQY9,5353226027,灵韵叻梦_Sofie,结婚登记这种程度居然不变繁反化简？？？不敢想象离婚化简还差不多……,结婚登记不再需要户口簿,反对
5067587408626851,OsmfWAceL,5635700829,快乐电池人,降低结婚难度提高离婚难度安的什么心,结婚登记不再需要户口簿,"
强烈反对"
5067587402599523,OsmfWaUfN,6801732936,玄鸟飞山海,这个以后结婚更容易了，但是离婚要求也改了，离婚不容易了呢，所以结婚还是自己慎重些吧，好合难离！锁死！,结婚登记不再需要户口簿,中立
5067587401029679,OsmfW4jRJ,6382408209,才不是小芝士,不用户口簿感觉父母都不知道他们孩子悄悄结婚了,结婚登记不再需要户口簿,中立
5067587397093688,OsmfVtLok,5847908081,格式化52756,一堤烟柳万丝柔情超话时间是筛子筛出了人来人往谁才是最后留下来的人时间是转轮转出了一年四季和不一样的人生百态时间是万花筒拼出了多彩的世界,"结婚登记不再需要户口簿,一堤烟柳,万丝柔情",中立
5067587397097900,OsmfVtMug,5204035089,lljstyle,这是为了提高结婚率吗？,结婚登记不再需要户口簿,中立
5067587397091957,OsmfVtKWp,7906130384,檀健次说没用的东西,离婚冷静期真的有必要存在吗咋感觉真的想离婚就算冷静期也挡不住真正想离婚一定是深思熟虑后的决定结婚还得慎重才行,"离婚冷静期拟加入婚姻登记条例,结婚登记不再需要户口簿",中立
5067774189109260,Osr7cCdJy,3732378477,多多多多钱多多多多,离婚的难度是要跟博士毕业看齐了吗？进来容易出去难的。,结婚登记不再需要户口簿,中立
5067774172857371,Osr7bbZkD,7447530280,小白同学要开心呀,带什么身份证啊…干脆扫个码，用电子身份证不行吗？既然要简化…那还需要身份证干哈啊…直接点…微信或者支付宝扫码，授权登录，婚姻登记申请，信息填入，人脸识别，登记完毕，这就行了呗…还需要身份证干哈啊既然简化就简化到底呗,"婚姻登记取消户口簿彰显婚姻自由,结婚登记不再需要户口簿","
支持"
5067774109684735,Osr74EDrp,6925223241,板栗黄油日,额这是为了什么…到时候身份证丢了去补办发现上面写已婚,结婚登记不再需要户口簿,中立
5067774047817267,Osr6YwNCX,7890694902,祸津乱青,身份证弄丢一次发现二婚了,结婚登记不再需要户口簿,中立
5067774019769711,Osr6VEZxZ,6473113434,今天打盹儿了嘛,权利层的男的都干的什么狗屎事结婚容易离婚难结婚和离婚为什么不能一视同仁,结婚登记不再需要户口簿,中立
5067587367208033,OsmfSuf8B,5548140134,颠婆闭上你的嘴刷牙去,什么时候增加结婚冷静期,结婚登记不再需要户口簿,中立
5067587358032397,OsmfRxHAN,7748715149,过期香肠腿后妈版,再改改就成了去那报个姓名就可以了,结婚登记不再需要户口簿,中立
5067587346763108,OsmfQsnoo,7575695168,淡若清风20111212,那怎么确保不被骗婚呢…,结婚登记不再需要户口簿,中立
5067587327101407,OsmfOtNoP,7814570744,butterfly呀,离婚能不能不要双方同意，单方想离就离,结婚登记不再需要户口簿,中立
5067774005089159,Osr6UllVd,7757359234,榎70827,我真的服了，到底是谁想出的这个政策，对我们百姓一点也不友好，初中请个假条都比这复杂。那拐卖妇女就合法了,"结婚登记不需要户口簿方便了谁,结婚登记不再需要户口簿","
强烈反对"
5067773959213429,Osr6PCEPH,5138205806,背着IU跑,这个世界就是巨大的爱男组织,"生活手记,结婚登记不再需要户口簿",中立
5067773937715535,Osr6Nwna7,7759330319,榛子奶油小蛋糕,不知道谁想出来的我看了还是有漏洞可钻这个草案首先:1你没有提到男女双方结婚需不需要到现场没有提那就是默认到场可以不到场也可以其次:2如果是被诱骗拐卖被迫结婚这些风险相关的详细法律你也没写你只提到了被胁迫可以撤销离婚那么惩罚呢这是拐卖人口犯罪吧得有法律制裁还有:3离婚冷静期必须撤掉不论男女都有可能被家暴已经攒够失望离开还有什么可在一起的如果婚不好离不会有人愿意结婚的本来以前那个婚姻法就不完善就有漏洞你还改啊咋心思的呢,结婚登记不再需要户口簿,反对
5067587324742558,OsmfOjTKS,1900412195,平安绵阳,“我们在老家办了酒席，一直没有领证，算不算事实婚姻呢？”“是否只要有了夫妻之实，即使没有办理婚姻登记，也可以按照婚姻关系对待呢？”“我和男朋友同居八年，一直还没领证，我们的财产应该如何划分呢？”你还在认为夫妻之实=事实婚姻？今天，在这里郑重提醒大家，认定事实婚姻是存在时间条件和实质要件的，快戳本期视频学习起来↓via.,结婚登记不再需要户口簿,"
中立"
5067587300367105,OsmfM1xv3,1919000695,平安安州,结婚证不仅是夫妻双方对爱情的承诺和尊重，更从法律意义上赋予了彼此生活上的权利和义务。关于结婚登记法律如何规定？领了结婚证后对男女双方有何影响？戳视频↓[奋斗]via.嫩江检察院,结婚登记不再需要户口簿,中立
5067587282797659,OsmfKbJNx,2661264957,旅行在南国,好好好，每天一个恐婚小政策,结婚登记不再需要户口簿,中立
5067587278606111,OsmfJA6Qf,6264343896,·鲜榨橙汁酿浅钱·,结婚离婚现在完全是宽进严出，结婚要是好事，还需要一再降低门槛吗？还需要催吗？钱掉在地上我不会捡吗？,结婚登记不再需要户口簿,反对
5067587278340588,OsmfJyZLC,6582392595,漩涡咸鱼-,这么容易就可以得到的证能有什么含金量四六级证教资证专四专八证毕业证学位证等等哪些不需要花费时间金钱精力才能得到要我说要想拿到结婚证也得报名、审核、缴费、笔试、面试、体检、认定,结婚登记不再需要户口簿,反对
5067587277034681,OsmfJtw2B,6856863421,烧化夏夜,想结婚生子的来幼儿园托管班啥的干两天就治好这毛病了,结婚登记不再需要户口簿,中立
5067773841768758,Osr6E7q8m,7743219453,狼不右转,我眼看你高楼建起，我看你大厦倾倒。就不明白了，明明，是多少先烈艰苦牺牲建立的新中国，你非要把男女平等这种权利平等像小日子看齐是吧抗战时期小日子不把中国人当人看，现在这些专家嘴一张一闭也不把“妇女能顶半边天”的女性当人看是吧。就是说，二十一世纪，中国男人是人，中国女人不是人了是吧。插个眼，预个言，按照现在的男女比例，按照现在的对女性权利的剥削，重男轻女持续出现，个个都要男的，那以后你们这些砖家是不是最终只能把男人在三六九等，挑点男的可以作为生育的。我是不会让我的小孩遭受这些，如果是女孩我不愿意她出生在这样没有人权的世界，如果是男孩我也不愿他出生变成既得利益者的畜生。所以，我摊牌了我闭环了。“是谁杀了我，而我又杀了谁。”,结婚登记不再需要户口簿,"
强烈反对"
5067773828404085,Osr6CzghL,7765592809,puka前辈我一看到你我就想吃鱼,还是人吗？真的当老百姓好骗吗？你爹的滚啊！,结婚登记不再需要户口簿,强烈反对
5067773825256657,Osr6Cm3uN,7437822068,二两尘风,如果在不知情的情况下被结婚了怎么办，谁想出来的，哪个丧心病狂的东西，打的什么主意昭然若揭,结婚登记不再需要户口簿,强烈反对
5067773814245883,Osr6BhOxZ,7405689592,小杨likeRoy,哪个专家提出的脑缠发言,结婚登记不再需要户口簿,"
强烈反对"
5067773768110658,Osr6wy1X4,6545871344,魔法森林的喜羊羊,这两个词条结合一看还真是…要不然结婚也不需要对方同意了吧，一方同意就能结，这样的话结婚率就高起来了，我也能直接跟牛牛登记了,"结婚登记不再需要户口簿,离婚冷静期内任何一方可申请撤回,张凌赫","
反对"
5067773766533748,Osr6wrpJ2,1907311155,香蜜如霜-,反对，不能为了增加结婚率没有底线，我有女儿，坚决反对,结婚登记不再需要户口簿,"
强烈反对"
5067587270742370,OsmfJ377I,6165797992,任嘉小雪儿,每日一善超话水不试，不知深浅，人不交，不知好坏，时间是个好东西，验证了人心，见证了人性。🪻🪻,"结婚登记不再需要户口簿,阳光信用,每日一善",中立
5067587270741261,OsmfJ36PP,2471592112,夏至的瞎子,那这样的话我是不是可以找很多个老公,结婚登记不再需要户口簿,中立
5067587255797808,OsmfHokh2,1288972135,多多de梦,结婚扫除障碍，离婚重重阻碍,结婚登记不再需要户口簿,"
支持"
5067587248983063,OsmfGBGU7,7765765579,那个夏天er,没仔细看，感觉就是结果越来越简单，离婚越来越难了。,结婚登记不再需要户口簿,中立
5067773644898724,Osr6kkynG,7862918311,i岁岁安,大型恐怖片照进现实咋了提高结婚率能提高全国GDP吗？一天到晚的谁闲出屁来了到处作妖啊一个热知识：提高结婚率≠提高生育率真想提高生育率也大可不必这么恶心人，开发个新技术让男的也能生不就好了？算了，也没必要，到时候生育率没提高你又不高兴了,结婚登记不再需要户口簿,反对
5067773606626453,Osr6grNQh,6458635343,消失的下雨天-moon,请假条都比结婚证难拿离婚现在都是摇号预约制结婚还在降低门槛呵呵,结婚登记不再需要户口簿,反对
5067773581463830,Osr6e68Oa,5857926368,啵啵啵虎家的小绵羊,这真的是2024年我能看到的新闻吗是不是马上就要颁布允许一夫多妻制了,结婚登记不再需要户口簿,中立
5067587216476114,OsmfDraJs,7456126948,兔兔不吃萝卜丝,可怕，离婚冷静期就是在剥夺和蔑视人权。。。不婚不育，屁事儿没有,结婚登记不再需要户口簿,中立
5067587207827257,OsmfCwQe5,2839786265,阿善扶摇直上吖,这是让学生群体随便玩的意思？为了下一代不管这一代了？,结婚登记不再需要户口簿,"
强烈反对"
5067587198911105,OsmfBBobv,7487947542,花纪叙春行,好恐怖一不小心就被骗婚了,结婚登记不再需要户口簿,"
强烈反对"
5067587176372788,OsmfzqJQU,5885305644,嘉禾喵喵苗苗,结婚有多容易离婚就有多难，想想看那些未成年夫妻越来越多，都是纵容的结果，看来生育率已经低到一定程度了😓,结婚登记不再需要户口簿,反对
5067773451178543,Osr614WAL,6340620055,阿呆MM要努力,哦呦好牛哦🙄🙄🙄🙄🙄🙄🙄那个大聪明想出来的杀币政策啊,结婚登记不再需要户口簿,强烈反对
5067773317223700,Osr5Nujdi,5979010727,湫zxm,如果以后都不需要户口簿那请问被拐卖的妇女他们是多么绝望处于一个看不到希望的状态一个隐形家暴男在没有了解对方是个什么样的情况下就完成了领证婚后是什么的是无底洞是黑暗是未婚先孕的女性极速增加是犯罪分子的几率提高需要户口簿不仅仅是双方父母的把关更是你踏入婚姻的最后一道保护门是维护自身权利希望所有的人民都能好好看待这个隐患的问题真的会希望变成这些不可掌控的事情吗这是我们向往的吗我们是充满一个爱的环境而不是无谓的把我们推下悬崖希望领导们能好好看待问题,结婚登记不再需要户口簿,"
强烈反对"
5067773308307738,Osr5MyRdM,5847401929,笑国公主在此,太好了！摇一摇成为夫妻，扫一扫生十个孩子,结婚登记不再需要户口簿,"
强烈反对"
5067773288647963,Osr5KAhJh,5824431492,TheLifeWorthwhile,宽进严出，能改善？不愿意结婚的人是因为这吗？,结婚登记不再需要户口簿,中立
5067587153824444,Osmfxg2UA,5344188688,韦韦尼吖,呃….大家不结婚是因为缺户口薄吗？,结婚登记不再需要户口簿,中立
5067587152512697,OsmfxaxFn,7827986402,饱你满意的抹茶椰椰,那这样子随便的人就多了，离婚也不是这么好离的，对于一些没有判断能力的人来说，被别人骗去了怎么办，还是有相关的手续比较好,结婚登记不再需要户口簿,反对
5067587149629393,OsmfwEp2N,1403611582,市场星报,民政部起草的《婚姻登记条例》，正在征求社会各界意见。其中的第八条提出，办理结婚登记的内地居民应当出具下列证件和书面材料：本人的居民身份证；本人无配偶以及与对方当事人没有直系血亲和三代以内旁系血亲关系的签字声明。现行的《婚姻登记条例》第五条明确，办理结婚登记的内地居民应当出具下列证件和证明材料：本人的户口簿、身份证；本人无配偶以及与对方当事人没有直系血亲和三代以内旁系血亲关系的签字声明。相较而言，《婚姻登记条例》在结婚登记环节删去了提供户口簿的要求。这条改变也引发了网友广泛关注和讨论。O婚姻登记或不再需要户口簿！婚姻登记条例修订草案征求意见→,结婚登记不再需要户口簿,中立
5067587147008906,OsmfwtpkS,1826782094,墨日_Silence,……身份证都是放身边的，到时候发现莫名其妙小孩儿就已经领证了😅真的不择手段,结婚登记不再需要户口簿,"
强烈反对"
5067587140715096,Osmfw301O,6332106588,林某某超温柔呐,啥时候出轨家暴的人进入档案，啥时候结婚率就高了,结婚登记不再需要户口簿,中立
5067587140457579,Osmfw1V2j,5514643615,Xuanner_W,6《宽进严出都是陷阱》,结婚登记不再需要户口簿,中立
5067587132068741,Osmfv8GaN,5898751828,糖葫芦圆圆_,让结婚变得更容易让离婚变得更难我请问呢凭什么啊,结婚登记不再需要户口簿,"
强烈反对"
5067773266890249,Osr5IsUt3,7731902735,我有精神病别管我发疯,世界如此不公原来因为我不是公的,结婚登记不再需要户口簿,中立
5067773250637478,Osr5H2FPU,5180110851,如果白昼落进_,想结的排除万难也会结的不想结的也不会结至于结了后悔要离的可能是人的必经之路（我说正常成年人,结婚登记不再需要户口簿,中立
5067773213148326,Osr5Ddd1s,7556842204,在224号星球吃瓜少女,等熊猫妹像泡菜妹一样，你就老实了，唇珠,结婚登记不再需要户口簿,中立
5067773172520129,Osr5zazBf,7399503594,崩掉牙的玻璃糖_enjoy,很好坚定了我不结婚的愿望,结婚登记不再需要户口簿,中立
5067773154432584,Osr5xiB7i,5972194475,楼言之,其实一直觉得结婚证是国内最大的形式主义，无用且鸡肋，虽然在一定程度上保护了弱势方，但总觉得弊大于利。,结婚登记不再需要户口簿,中立
5067587100610517,Osmfs2yP3,7863252404,super玛丽铵,现在已经这样了吗？都不需要户口簿？对婚姻如此松懈，离婚率也会大大提高吧！,结婚登记不再需要户口簿,反对
5067587098772377,OsmfrAO5X,5453573781,Miss花园baby,不支持这个观点！小年轻们容易冲动！闪婚变多不太负责任！,结婚登记不再需要户口簿,"
强烈反对"
5067587096679016,Osmfrs1w4,6025483916,Ling_syx,那种宣扬好处一大堆但是许进不许出的地方我们这儿一般管它叫陷阱或者是传销,"结婚登记不再需要户口簿,离婚冷静期",中立
5067773103050062,Osr5scNsy,7734700183,骂我你对家cp变官配,本来就是便宜货了，还取消了优势，能是什么好证,结婚登记不再需要户口簿,反对
5067773094400328,Osr5risJ2,2143113317,剃掉絡腮胡愛上麻花辮,这个世界还能再玄幻一点吗……,结婚登记不再需要户口簿,"
强烈反对"
5067773031485461,Osr5l6er3,7437822068,二两尘风,细思极恐，直接提高犯罪率，好一个男权社会,结婚登记不再需要户口簿,"
强烈反对"
5067773030172277,Osr5l0IOF,7816905333,嘉嘉嘉夹竹桃,不用考的证能是什么好东西,结婚登记不再需要户口簿,反对
5067772994525206,Osr5hiZdc,3241638537,偷吃盐焗月亮,明白不了一点，真的癫。到底谁会同意这种一眼利害关系明确的建议考那些证都比这费劲多了，正儿八经提些真正有建设性的不行？,结婚登记不再需要户口簿,"
强烈反对"
5067772972761755,Osr5fbAsr,6990867087,我狗咚昏,我要去偷进到勋身份证了,结婚登记不再需要户口簿,中立
5067772952840803,Osr5dbV1p,7397236803,发疯而已1640,你干脆改成结婚登记不用本人在场得了呗,结婚登记不再需要户口簿,反对
5067587069412116,OsmfoDuwk,2427213055,中医皮肤-李峰煜,两个政策结合看，就是结婚可以更冲动离婚一定要冷静是不是搞反了,"离婚冷静期,结婚登记不再需要户口簿",反对
5067587058926700,OsmfnBsf2,7757445450,轩崽快来亲亲,啊这这这，这是中文吗？,结婚登记不再需要户口簿,中立
5067587052636734,Osmfnb3VY,6401913035,聚法案例,结婚登记不再需要户口簿；伊拉克法律将允许女孩9岁结婚；上海公布救灾物资调查结果|聚资讯8.15法律超话律师超话,结婚登记不再需要户口簿,"
中立"
5067772935800229,Osr5bokU5,3443826920,So玲Yin680,这社会怕是病的不轻吧！这样下去，哪敢想以后啊！,结婚登记不再需要户口簿,"
强烈反对"
5067772910373318,Osr591z7g,3904886610,解构学家,要我说直接取消婚姻制度，反正现在非婚生子也可以上户口。真爱的话不结婚也能恩恩爱爱长长久久，碰上烂人直接分手得了,结婚登记不再需要户口簿,"
强烈支持"
5067772826228366,Osr50q8hw,6307891130,辄醉而,再努力努力，生育率结婚率就可以和韩国相媲美了，看好你哦,结婚登记不再需要户口簿,中立
5067772822815344,Osr50bOoM,6453065299,林深时见陆lu,咋滴呀，以后直接搞个小程序呗，都不用线下那么麻烦了，以我来看，以后还可以在游戏里加好友结婚，更便捷，小广告跳转结婚就更快了，还有还有，既然都这么放开了的话，同性结婚能不能也放开一下，哇哦，天惹，哪个深井冰喝两口码袅写出来这种东西。大脑发育不完全，小脑完全不发育，结婚率低的真正的原因你们自己心里没数吗，整这种幺蛾子，脑子瓦特了,结婚登记不再需要户口簿,强烈反对
5067587023536731,OsmfkeQ43,1148638357,卡卡卡牢了,和离婚冷静期的离谱程度不分上下,结婚登记不再需要户口簿,中立
5067772774057441,Osr4Vh1wB,3903536593,田野调查笔记,我请假条都比结婚证难搞,结婚登记不再需要户口簿,"
反对"
5067772744959041,Osr4SkO4x,7304562623,顾德敏zzz,还是需要好一点吧，毕竟是人生大事，至少要告知双方父母，两家人多见几面互相了解才行。如果结婚这件事情和放学到小卖部随便买一本笔记本一样简单的话，婚姻便不再神圣。,结婚登记不再需要户口簿,反对
5067772694370296,Osr4NikUE,3026258564,红桃八军哥,如果以后结婚登记:不再需要户口簿了，你是支持还是反对？婚姻登记条例近日向社会征求意见，修订草案取消了需出示户口簿的要求，以倡导婚姻自由。各位怎么看？,,"
中立"
5067772681783994,Osr4M7u66,7860938899,冬栀绵,哪个啥如掉的东西想出来的,结婚登记不再需要户口簿,中立
5067772658454799,Osr4JzttJ,7439554573,-笑笑的脆桃没虫-,追星女的骗婚局：姐妹身份证发一下帮你抢票：好的姐妹结果一看已婚了,结婚登记不再需要户口簿,中立
5067772656615819,Osr4JrL4L,7807790420,sylvia不加糖-强吻小婷婷版,这是要干嘛…文明的进步不应该更加注重对婚姻的保障吗，而不是纯纯为了所谓的便捷啊,结婚登记不再需要户口簿,反对
5067772653997483,Osr4JgLVx,7852315993,亿羊羊烊,不要啊我虽然现在没男朋友，但我清楚的知道我是有点恋爱脑的没我爸妈和好朋友把关，万一我一下子结了婚那个男的又是渣男还家暴，想离又离不了，想s的心都有了,结婚登记不再需要户口簿,"
强烈反对"
5067586993917133,Osmfhgr1z,7782880013,淞桠浔叁亚,感觉下一步就是取消性别限制,结婚登记不再需要户口簿,中立
5067586993129822,Osmfhd8d0,2113378581,趋势大盗,以后可能儿女结婚了父母都不知道。,结婚登记不再需要户口簿,中立
5067586978975907,OsmffBF2H,7689429125,tgdhv282288,家里有女儿的早点打好预防针，骗你结婚不要告诉父母的都不是什么好货。,结婚登记不再需要户口簿,"
强烈反对"
5067586973469349,Osmffeyxf,1905638794,ep88316,离婚冷静期才是降低结婚意愿的大杀器，想想看，现在买东西都是无理由退货的更有竞争力。离婚难谁还轻易结婚？,结婚登记不再需要户口簿,中立
5067772633547336,Osr4HeSP6,7680738667,识卿阡陌多暖春,真的，谁提出来的，不考虑现实，只会让更多人恐婚，能不能从实际出发，别有根雕以为自己就是造物主了。服了，毫无营养。,结婚登记不再需要户口簿,反对
5067772562508967,Osr4AawHd,5696867911,CLOUDShooo,那我可以偷周深身份证然后和他结婚吗,结婚登记不再需要户口簿,反对
5067586973468030,OsmffeybY,2105593213,自贡加工淬火钢硬质合金刀片,契约婚姻将取代结婚证，这是是时代发展的必然趋势！,结婚登记不再需要户口簿,强烈支持
5067586968487709,OsmfezC2x,6176677767,种草羊羊爱运动,越来越便捷了呢，希望大家长长久久,结婚登记不再需要户口簿,"
支持"
5067586951971915,Osmfd8gZ5,5515186565,烤烤烤烤烤乳猪,骗婚的估计会增多，毕竟身份证要是掉了...,结婚登记不再需要户口簿,反对
5067586939919137,OsmfbFCq5,2678916791,本子里的糖纸,所谓专家搞出来的好政策,结婚登记不再需要户口簿,中立
5067586939390618,OsmfbDoVA,6609868631,我就是超级无敌幸运鹅,结婚程序越简单，离婚应该也越难吧，宽进严出都不是什么好事,结婚登记不再需要户口簿,"
反对"
5067586938601666,OsmfbA5Gy,3968917125,youth_婕jiejie,第一反应鸡飞狗跳的家庭矛盾要升级！第二反应，父母与孩子间的沟通无话不说的和谐面，更加重要了！,结婚登记不再需要户口簿,中立
5067772501427503,Osr4u5Zmf,7315746088,木易小榲_,你有事吗你有啥毛病吗？？？、、、到时候有人把小姑娘绑/了逼着结算你的还是算她倒霉啊。。。没事去看看大脑吧，别是有点什么瘤子在里头,结婚登记不再需要户口簿,强烈反对
5067772462368778,Osr4q9We6,7365323790,MessZhao,不想键政但政觉得我贱。,"结婚登记不再需要户口簿,离婚冷静期内任何一方可申请撤回",中立
5067772426194476,Osr4mpZsU,5617256346,小狮子热恋版,这个世道越来越颠了这两个阴间话题放在一起直接绝杀到底方便了谁呢？上层人随随便便决策一小步，助推婚内出轨，家暴，拐卖妇女的一大步,"结婚登记不再需要户口簿,律师谈离婚冷静期内任何一方可撤回","
强烈反对"
5067772344142768,Osr4ehnIQ,7585159370,这就好震惊,世界是一个巨大的爱男世界,结婚登记不再需要户口簿,中立
5067772343619284,Osr4efbxy,5680607740,阿橙r_,不知道哪个脑残想出来的。。,结婚登记不再需要户口簿,"
强烈反对"
5067586930999485,Osmfb4c0J,2038739831,自律小魔女,越是鼓励你干的事情，越存在风险。越是不让你做的事情，越是真正有利于你的。结婚需谨慎，一定要慎重。,结婚登记不再需要户口簿,"
反对"
5067586924446488,OsmfaiEJy,7794101904,恰个欧皇小桃,好吧能不能不需要结婚啊,结婚登记不再需要户口簿,中立
5067586922349579,Osmfa9Rer,6592133753,峰回路58146,这波是冲着涉世未深的女孩子们来的！！中国男人需要驴，建议多养驴又能干又能生还只用吃草！！,结婚登记不再需要户口簿,"
强烈反对"
5067586913438766,Osmf9eqzY,7753912037,糯米团-Rafayel,啊不要户口本万一被骗了怎么办，家里人不知道又怎么办，离婚还有冷静期,结婚登记不再需要户口簿,反对
5067586913438570,Osmf9eqwO,6299516093,年年先岁了_斯斯版,为什么结婚证不要考？？不要考试得到的证都不是什么好证,结婚登记不再需要户口簿,反对
5067772329465290,Osr4cDIlY,5947087772,Jasmyn-9979,祝同意这个草案的人都断子绝孙,结婚登记不再需要户口簿,强烈反对
5067772247671037,Osr44wbAp,6158881328,CinderDearla,先把那傻缺一样的离婚冷静期撤销再说话吧一次次令人无语的东西出来,结婚登记不再需要户口簿,中立
5067772240071478,Osr440iAS,7556842204,在224号星球吃瓜少女,跪求这个提案人拍个生孩子教程给我。学校家长没教过,结婚登记不再需要户口簿,中立
5067772216475681,Osr41raCt,7738949095,Baekhyu56浣屿,身份证丢了，补办完了发现自己结婚了。。。,结婚登记不再需要户口簿,中立
5067586899543068,Osmf7E2As,7815607394,在逃分裂公主,笑鼠咯结婚是越来越容易离婚是比登天还难离婚设置关卡冷静期后面可能还会出现七七四十九难结婚容易离婚你休想哈哈哈啊哈,结婚登记不再需要户口簿,中立
5067586889321210,Osmf6D6S6,7771004798,鲤YU打挺,只觉得结婚越来越可怕了,结婚登记不再需要户口簿,中立
5067586878315922,Osmf5yTlM,6865966371,原来那个天使去庞贝了,全世界疯了得了，活着干嘛,结婚登记不再需要户口簿,中立
5067772125516378,Osr3Sn93Q,1245879815,乔伊斯想养只短腿的Luna,查查吧，怕不是间谍哦，最近有些脑残的社会和教育提案不是真的要改革，是怀着坏心来祸害的,结婚登记不再需要户口簿,"
强烈反对"
5067772105851762,Osr3Qoyjg,7357772897,夏日夜晚最后的烟火,完了哈妹子们。以后身份证拍丑点吧,结婚登记不再需要户口簿,中立
5067772098780051,Osr3PAQ5J,7476960075,又睡着了欸,为什么结婚不来个60天冷静期，60天后再来拿结婚证呢，万一出轨呢？万一有不法分子利用于这点呢？毕竟离婚可没那么容易冷静期内任意一方都能撤回也就是说只要有一方不愿意就离不了，只能上诉离婚了，上诉也不知道什么时候，再万一来个第三方生了个孩子，有一方想吃绝户呢？拐卖妇女下次直接威胁结婚呢？生育又没啥太大好处，毕竟攒着也能给个不错的晚年，现在的物价那么高，可不均的工资也不高，工位又少，人肯定又不愿意生啊，生下来养不起，难道为了体会生育时的痛和产后抑郁吗，结婚不来个冷静期，离婚有个鸟用，让双方选个对的人才会有好的开始，离婚拖拖拉拉，好的开端才会有结果，结婚冷静期可以判断一个人的契合度，离婚冷静期能带来什么？死亡率吗还是家暴上升率？生育补贴又没有，大家都穷，还结婚都没单身时个人的福利高，结婚算个体，而单身时双方算起来双份，结婚后两个人算一份，哈哈哈哈哈哈哈,结婚登记不再需要户口簿,"
强烈反对"
5067772081999967,Osr3O8ohx,1737430724,叫我冰姐姐,专家们为了结婚率生育率绞尽脑汁，这届年轻人都是人间清醒不好骗了。,结婚登记不再需要户口簿,中立
5067772055259042,Osr3Lm47g,5842644299,木易今天kll吗,这个世界什么时候才能像爱屌一样爱我,结婚登记不再需要户口簿,中立
5067772054211266,Osr3LhFxE,7786176687,珉在玹,@東京失色@k记猫堡我们结婚吧🧚🏻‍♀️,结婚登记不再需要户口簿,中立
5067772020918527,Osr3I3QWX,7613267471,橙锦啵,来！！！评论区抽一个评论热度最高的人结婚,结婚登记不再需要户口簿,中立
5067771911870695,Osr3x7QEv,1961773927,小白眼角的泪痣,到底是谁提出来的，以后身份证就是我的命了，都不敢丢，好恐怖，怕不小心被结婚了…,结婚登记不再需要户口簿,反对
5067586863371186,Osmf4e8ZY,2183542485,西安广播电视台,近日电子一路社区举办“未来小飞手——无人机科技探索营”活动。本次训练营由无人机基础知识讲解、飞机组装调试、飞行训练与创新启发三个版块构成。在无人机基础知识讲解环节，专业讲师以生动有趣、浅显易懂方式向孩子们介绍无人机的构造、飞行原理、应用领域以及安全注意事项。在示范飞行时，印有“头雁领航，放飞梦想”字样飘带的无人机引发孩子们阵阵欢呼，掀起现场活动小高潮。,"未来小飞手无人机科技探索营,结婚登记不再需要户口簿",中立
5067586851310728,Osmf35uYM,6282306507,小绿侃娱乐,干脆身份证也别要了，直接刷脸吧,结婚登记不再需要户口簿,中立
5067771715260779,Osr3dm4zh,5365437771,多啦a梦的小饼干,我都能拿的证你说有啥用吧,结婚登记不再需要户口簿,中立
5067771698218100,Osr3bytU0,6322056679,到你挺直腰背了,现实才是最恐怖的无限流,结婚登记不再需要户口簿,中立
5067771694024945,Osr3bgT4t,7725266287,易直是you,想提高结婚率这边建议把同性结婚合法化，这样我磕的cp就能结婚了，这不是两全其美吗,结婚登记不再需要户口簿,"
支持"
5067771656281067,Osr37qlZx,7517436925,这里有玫瑰,这个世界真是越来越癫了！有病啊！,"离婚冷静期,离婚冷静期内任何一方可申请撤回,结婚登记不再需要户口簿","
强烈反对"
5067586800192861,OsmeY0OaF,7580089840,王权淇趣蛋,发癫了吧结婚不需要门槛离婚需要是吧,结婚登记不再需要户口簿,"
强烈反对"
5067586786040295,OsmeWplm7,6536762491,7uzzZ_,冷静期的意义在？建议有结婚冷静期好好冷静一下要不要结婚重点：婚姻自由不包括离婚自由好离谱的规定,"离婚冷静期,结婚登记不再需要户口簿",反对
5067586780531828,OsmeW2elS,6271576935,听杰伦的猫a,千言万语汇成一句话“呵呵”,结婚登记不再需要户口簿,中立
5067771612238654,Osr339onk,7331545845,Sehchi,我注册个b站账号都比结婚严格,结婚登记不再需要户口簿,"
支持"
5067771603851599,Osr32g9Yz,7422058922,内向小霖,随后就是男的申请撤销婚姻秒同意女的撤销婚姻已读不回,结婚登记不再需要户口簿,中立
5067771496892992,Osr2RsVbi,6648390578,呐呐铁铁,太神经了，难道结婚率低是因为户口簿吗？看看就业率，养娃成本，看看房价，再看看你那🐶离婚流程。挖个坑把人骗进来赶紧埋了是吧，真搞笑,结婚登记不再需要户口簿,反对
5067771467531760,Osr2OvBm0,7816742870,沉咕咕要睡觉,别再嫌出生率低啦，发这政策的不是纯出生吗,结婚登记不再需要户口簿,中立
5067586750123083,OsmeT0w1d,7478385177,小礼别跑啦,脑子有💩。。什么逻辑啊,结婚登记不再需要户口簿,强烈反对
5067586742260470,OsmeS9u3c,7541555127,啥可以用啊777,现在这样，无证婚姻是不是也挺好的？来去自由，生孩子可以上男女方任一户口，而且有继承权这个红本本的作用还有什么？,结婚登记不再需要户口簿,中立
5067586735966149,OsmeRp24d,6399189240,爱哎哎妮呀,不结婚就不用离婚，不离婚就没有财产纠纷，以及生命危险,结婚登记不再需要户口簿,中立
5067771320472059,Osr2A1YNR,6184438679,我亲爱的甜橖樹,要是做到生孩子保障到18岁，你看看啥效果,结婚登记不再需要户口簿,中立
5067771190188863,Osr2n0N8b,7769372802,满天柚子,sb，想生育率想疯了吧，现在结婚越来越容易，离婚越来越难了,结婚登记不再需要户口簿,"
强烈反对"
5067771144572410,Osr2ijbuy,7564172464,葡萄脆脆海盐包,什么时候能将科技普及，让女生无痛生娃并且养娃成本低再弄这些鬼东西,结婚登记不再需要户口簿,中立
5067586731770674,OsmeR7qDg,2471920770,是周阳光啊,为了提高结婚率真是绞尽脑汁,结婚登记不再需要户口簿,中立
5067586731515231,OsmeR6mbd,7196540141,天上掉下个焦凤凰,结的时候连户口都不需要离的时候半年离婚冷静期另类传销啊,结婚登记不再需要户口簿,反对
5067586710803975,OsmeP3n9l,5524163587,星卅Allen,其实大部分选择离婚的都是深思熟虑过的，相对比离婚冷静期，我感觉更需要的是结婚冷静期,"离婚冷静期,结婚登记不再需要户口簿",中立
5067586703984339,OsmeOgIvx,6228738467,人间一年又一年,怎么不恢复童养媳，怎么不指腹为婚为了点结婚率连脸都不要了宽进严出的东西是什么好东西？诈骗似的套路，先把人骗进来，想走可就难了。而且什么征集意见你什么时候征集意见真的征集了？做个样子而已，反对有什么用？离婚冷静期不也是强行推下来的吗？我们这些人的意见有什么用？有什么用？你们会看吗？你们这些高处的人会看吗？你们不在乎。,结婚登记不再需要户口簿,强烈反对
5067586641069330,OsmeI4ubg,5653215723,特立独行的ICEY,好有意思离婚越来越难结婚越来越简单,结婚登记不再需要户口簿,中立
5067586633204563,OsmeHdrEv,7658768812,暴走输出的卷卷,真的是为了提高生育率，啥招数都使出来了,结婚登记不再需要户口簿,中立
5067586614071375,OsmeFh59l,7586433813,家零不操人,好。那我就废话不多说，不多说废话。屁话跟废话道理都是一样的。所以我们不多说屁话也不多说废话，如果我一个人说废话，就是浪费大家40秒，两个人就是80秒，三个人就是120秒。废话是什么呢，我不知道。我从来不说废话。像那些说废话和屁话的人都是在浪费别人的时间，浪费别人的时间，就是在浪费别人的生命。浪费别人的生命都是可耻的。刚刚跟我玩过的人，都知道我是一个不怎么爱讲废话的人。所以我们就不多说废话跟屁话，用很简单的话来概括一下。,结婚登记不再需要户口簿,中立
5067586693762983,OsmeNfMVh,2324926310,北人望江南,两条热搜同时上榜，显见结婚率持续走低、离婚率居高不下。其实相比离婚，或许结婚更需要冷静期。,"离婚冷静期,结婚登记不再需要户口簿",中立
5067586691139620,OsmeN4MsY,6673768537,无眠時季,然后呢能不能来一个结婚冷静期,结婚登记不再需要户口簿,中立
5067586676985818,OsmeLtjku,7675740896,外星疯子Moss,一个敏感型社会，是因为有一群敏感型人民，和一群敏感型leader，可是过敏是致命的。,结婚登记不再需要户口簿,中立
5067586578418899,OsmeBzk8H,5204135148,平安北川,"结婚是人生大事，千万不能草率！婚前，这四件大事是必须要查的。不查，后悔莫及！1上裁判文书网，查询对方是否有不良记录和涉案案底。如有刑事案底，子女参加公务员考试、当兵、考军校等都无法通过政审。2、上中国执行信息公开网，查询对方是否存在信用记录异常。如个人信用不良,会影响婚后买车买房、出行旅游等。3、企业信息网，查询对方名下是否注册有公司，是不是法人，如有公司，经营状况怎么样，避免婚后“赔了夫人又折兵”，一头扎进债务陷阱，被迫去“同甘苦、共患难”！4、做婚前检查，婚前双方都要做一次全面、系统的身体检查，了解是否有传染性疾病、精神类疾病、先天与遗传病等影响婚育的疾病，既是对自己负责，也是对下一代负责。最后，祝愿大家都能找到让你心动的另一半，邂逅爱情，步入婚姻，幸福美满！via~豫法阳光。",结婚登记不再需要户口簿,中立
5067586574225923,OsmeBhJm3,6621077160,西北小贝,呃呃呃呃呃呃呃呃这是为啥呀,结婚登记不再需要户口簿,中立
5067587296429803,OsmfLqYGv,3914204726,曦林陌笙,所以就是为了提高结婚率…很多人脑子一热去结婚，然后又有离婚冷静期离不了婚嘛…太可怕了，想想父母把孩子养大，可能都不知情的情况下孩子结婚了，有点子离谱了,结婚登记不再需要户口簿,反对
5067586876737954,Osmf5sgQG,7370787993,磕药凤凰,其他的证都需要考驾驶证执业证什么的都需要考核结婚证不需要所以可想而知能是什么好东西,结婚登记不再需要户口簿,反对
5067586561376414,OsmeA5M4e,5528470617,福来好运来好运来,为了鼓励结婚，流程也省了不少,结婚登记不再需要户口簿,"
支持"
5067586553777418,OsmezfQG6,5958068125,琪琪要上岸呐,现在的婚姻法就是在告诉你婚姻自由是指结婚自由而不是离婚自由到适孕年龄了你得赶紧生儿育女为出生率做贡献🤗,结婚登记不再需要户口簿,中立
5067588509893327,OsmhIFvHN,7781236986,不吃鱼丸的猪包棋,没事你怎么改我都不会结婚的,结婚登记不再需要户口簿,中立
5067586519175337,OsmevCuVj,7311349343,玺柒柒,为了结婚生育率你们真的什么都做的出来,结婚登记不再需要户口簿,"
强烈反对"
5067586516288442,OsmevqnUu,6386607418,晴天hello_,疯了吧，一群不冷静的小青年直接领证结婚，婚姻不是儿戏,结婚登记不再需要户口簿,"
强烈反对"
5067586482214978,Osmes9ids,5840217498,小张还没睡a,好疯所以谁要结婚我请问呢,结婚登记不再需要户口簿,中立
5067586478019864,OsmerxEkE,6332980204,Iam-Chenjie,那不是再祸害人吗？很多时候老人看人还是很准的！！！,结婚登记不再需要户口簿,"
强烈反对"
5067586469630174,OsmeqEpfo,5317921910,yam37lu,原来婚姻自由就是可以随便结不能随便离啊，这下懂了,"结婚登记不再需要户口簿,离婚冷静期","
反对"
5067586469888404,OsmeqFuqo,6643208427,超爱科技兽,现在确实是结婚很难，又得准备房子，还得准备彩礼，丈母娘那边不同意还拿不到户口簿。这样也好，最起码结婚自己说的算，也不用来回找这个户口簿了,结婚登记不再需要户口簿,支持
5067586468840000,OsmeqB5GE,2427213055,中医皮肤-李峰煜,我觉得不好但“我觉得”没用科普颈椎方面的相关知识,结婚登记不再需要户口簿,"
反对"
5067586448394776,OsmeozdRC,6000105393,闪闪純永星酱,我驾照还得考四科呢怎么结婚这么大的事变得越来越草率…？建议结婚证也设置考试考不到满分说明还有不足的地方不允许拿证,结婚登记不再需要户口簿,反对
5067586427684371,Osmemwf3t,2252607311,从小就是大连球迷,电视剧里结婚偷户口本的桥段是不是不再有了,结婚登记不再需要户口簿,中立
5067586427161229,Osmemu2XH,1118824701,ZZChao_,会不会再过一阵都不需要本人亲自办理了,结婚登记不再需要户口簿,中立
5067586411169421,Osmel4UdD,1401038101,李岩律师,对于结婚登记不再需要户口簿这一新规，我深感这是一个时代的进步，体现了对个人自由和权利的尊重。户口簿，这个曾经承载着家庭信息、身份认证的重要工具，在婚姻登记的舞台上逐渐淡出，意味着我们在婚姻的选择上更加自主和独立。这一变化，让爱情和婚姻的缔结不再受限于传统的户籍制度，而是更加注重双方的真实意愿和情感基础。它鼓励每个人在追求幸福的过程中，勇敢地迈出步伐，用自己的方式去诠释爱情和婚姻的美好。当然，这一新规也引发了一些关于亲子关系、家庭责任的讨论。很多网友担心这会影响亲子关系，觉得不需要通过父母同意就能随意结婚。但其实，这个新规更多地是在倡导婚姻自由和个人自主权。它让每个人在婚姻选择上更加独立，不再受限于户口簿这样的传统束缚。当然，这并不意味着我们可以忽视家庭和亲情的重要性，而是希望每个人都能在尊重自己和家人的基础上，做出最适合自己的选择。但我认为，这些讨论正是社会进步的体现，它们促使我们更加深入地思考婚姻和家庭的意义，以及如何在尊重个人自由的同时，维护好家庭的和谐与稳定。,"结婚登记不再需要户口簿,律师说法",支持
5067586406188352,OsmekpXS8,2575008657,麦子俊i,结婚和离婚都不需要户口簿了，自由度更高了,结婚登记不再需要户口簿,支持
5067586402522860,OsmekaAji,1833839552,喜欢小鸟的秘鲁大驼,看来这结婚率真的崩得没眼看，但是越搞这些，只会越让大家觉得：结婚就是个骗局。因为这些条例明显指向性是“进入容易，离开难“，请问什么东西具备这样的特性？传销窝点？缅北诈骗组织？,结婚登记不再需要户口簿,"
强烈反对"
5067586402779308,OsmekbF1y,5256235538,网络暴躁消烦员-好运版,真的是越来越癫了结婚容易+离婚难=婚姻自由,结婚登记不再需要户口簿,中立
5067586398588555,OsmejA2h5,5936666225,雾满山间,岂不是更儿戏了，想领就能领,结婚登记不再需要户口簿,"
强烈反对"
5067586393869281,OsmejgezL,6590188400,婧的备忘录,放宽心，这样也不会有人结婚的,结婚登记不再需要户口簿,中立
5067586553250542,OsmezdDC6,7270806069,大叔正当年最爱烤青椒,真是越来越颠了，最该取消的是离婚冷静期。,结婚登记不再需要户口簿,"
中立"
5067586371062752,Osmeh4sta,7460815032,和你的七安,啊…这，那离婚呢，这样以后想结婚的更少了吧,结婚登记不再需要户口簿,中立
5067588837048619,OsmiftzFp,5578411450,咕咕咕咕咕咕鸟,这不就是马扁年纪小的冲动结婚？为了结婚率真是无所不用其极能想出来这种提案的也是个“人才”和提出离婚冷静期那个人一样，完全不管实际只会纸上谈兵,结婚登记不再需要户口簿,强烈反对
5067586589170322,OsmeCCtCq,7732794927,zj在看我,结个婚这门槛也太低了太容易了,结婚登记不再需要户口簿,中立
5067586584969633,OsmeCkQPn,6123039031,明天迟早早退,不敢想象这个政策一出来有多少人又要被骗着头脑一热就要去结婚了结果想离婚的时候发现还得等个三十天,结婚登记不再需要户口簿,"
强烈反对"
5067587320811807,OsmfO3pbF,7328309735,Lurenmie_X,结婚简单离婚难，以后会有很多家长不同意的婚姻出现咯，孩子结婚了可能家长都不知道咧，然后识人不清想离婚了，30天冷静期，想离还离不了还有跨地区登记的，zf职能部门全国联网了吗，别到时候出现很多重婚的哦,"结婚登记不再需要户口簿,离婚冷静期",反对
5067586364773402,Osmegk1Mm,6001913774,今夜偏知不可见,领结婚证越来越轻松离婚倒是设上门槛了搞笑,结婚登记不再需要户口簿,中立
5067586365030605,Osmegl6GN,7794188097,没有智齿的地球模式,这种不是协商而是强制通知的姿态最恶心，调休是，延长养老金年龄是，两眼一睁就是羞辱测试,结婚登记不再需要户口簿,反对
5067586364506487,OsmegiUlh,6150150940,栀夏荷童,这是要促进生育率的节奏？让年少无知的青年不用经过父母就结婚,结婚登记不再需要户口簿,"
反对"
5067587956508236,OsmgPrj5y,6001338523,CamilleMoon,谁提出谁同意的我请问呢，简直神金，结婚越来越容易离婚越来越难，难道结婚是一件很随便的事吗？更不想结了,结婚登记不再需要户口簿,"
强烈反对"
5067586356384004,OsmefqMLO,6734107443,京叙泡芙_,你疯了还是我疯了这样小三都笑死了谁提出来这么傻的提案啊,结婚登记不再需要户口簿,强烈反对
5067586348253901,OsmeeyDdr,2775661412,Oo云夏oO,希望来个“结婚冷静期”。,结婚登记不再需要户口簿,中立
5067586343801461,OsmeefWVT,1930180340,甜橙_吖,有点离谱～我都能想象到未来有一堆小年轻，刚到法定结婚年龄，路过民政局心血来潮进去领个证过几天吵个小架再心血来潮去离个婚,结婚登记不再需要户口簿,反对
5067586316274263,OsmebqkdN,1997869021,十一·1640,结婚不需要户口簿，离婚需要冷静期该需要冷静的时候不冷静，能果断的时候不让果断，结果果断被沙了,结婚登记不再需要户口簿,中立
5067586309457543,OsmeaDGl1,7109313423,椰椰吐司蛋卷,看来结婚登记又要迎来一波小高峰了,结婚登记不再需要户口簿,中立
5067586515239790,OsmevlZ6K,5694778085,银河小熊Uranus,为了提高生育率真是不择手段呢，高，实在是高……,结婚登记不再需要户口簿,反对
